\c equipments;

INSERT INTO "EquipmentType" ("Name")
VALUES ('station'), ('pluviometer');

INSERT INTO "MetereologicalOrgan"
("Name", "Host", "User", "Password")
VALUES('INMET', NULL, NULL, NULL);

INSERT INTO "MetereologicalOrgan"
("Name", "Host", "User", "Password")
VALUES('FUNCEME', 'ftp.funceme.br', 'pcds.funceme', 'kDnQgk1h');

INSERT INTO "MetereologicalEquipment"
("IdEquipmentExternal", "Name", "Altitude", "FK_Organ", "FK_Type")
VALUES('32321', 'Fortaleza - Itaperi', 30.4, 2, 1);

INSERT INTO "MetereologicalEquipment"
("IdEquipmentExternal", "Name", "Altitude", "FK_Organ", "FK_Type")
VALUES('TESTE', 'PLUV', 1.0, 2, 2);

INSERT INTO "MetereologicalEquipment"
("IdEquipmentExternal", "Name", "Altitude", "FK_Organ", "FK_Type")
VALUES('23978', 'ABAIARA', 1.0, 2, 2);

INSERT INTO "MetereologicalEquipment"
("IdEquipmentExternal", "Name", "Altitude", "FK_Organ", "FK_Type")
VALUES('TEST', 'ESTACAO-TESTE', 1.0, 2, 1);

INSERT INTO "ReadStations"
("Time", "Hour", "TotalRadiation", "MaxRelativeHumidity", "MinRelativeHumidity", "AverageRelativeHumidity", "MaxAtmosphericTemperature", "MinAtmosphericTemperature", "AverageAtmosphericTemperature", "AtmosphericPressure", "WindVelocity", "FK_Organ", "FK_Equipment")
VALUES('2023-11-20', NULL, 255.68, 87.5, 52.41, 74.87, 32.97, 25.29, 28.31, 1008.94, 3.5, 2, 1);
INSERT INTO "ReadStations"
("Time", "Hour", "TotalRadiation", "MaxRelativeHumidity", "MinRelativeHumidity", "AverageRelativeHumidity", "MaxAtmosphericTemperature", "MinAtmosphericTemperature", "AverageAtmosphericTemperature", "AtmosphericPressure", "WindVelocity", "FK_Organ", "FK_Equipment")
VALUES('2023-11-20', 1, NULL, NULL, NULL, NULL, NULL, NULL, NULL, NULL, NULL, 2, 1);

INSERT INTO "Et0"
("Value", "FK_Station_Read")
VALUES(4.911332, 1);

INSERT INTO "ReadPluviometers"
    ("Time", "Hour", "Value", "FK_Organ", "FK_Equipment")
    VALUES
('2022-10-01', 0, 91, 2, 2),
('2022-10-02', 1, 38, 2, 2),
('2022-10-03', 2, 8, 2, 2),
('2022-10-04', 3, 77, 2, 2),
('2022-10-05', 4, 86, 2, 2),
('2022-10-06', 5, 2, 2, 2),
('2022-10-07', 6, 53, 2, 2),
('2022-10-08', 7, 82, 2, 2),
('2022-10-09', 8, 63, 2, 2),
('2022-10-10', 9, 70, 2, 2),
('2022-10-11', 10, 4, 2, 2),
('2022-10-12', 11, 71, 2, 2),
('2022-10-13', 12, 37, 2, 2),
('2022-10-14', 13, 78, 2, 2),
('2022-10-15', 14, 84, 2, 2),
('2022-10-16', 15, 20, 2, 2),
('2022-10-17', 16, 34, 2, 2),
('2022-10-18', 17, 83, 2, 2),
('2022-10-19', 18, 30, 2, 2),
('2022-10-20', 19, 98, 2, 2),
('2022-10-21', 20, 79, 2, 2),
('2022-10-22', 21, 85, 2, 2),
('2022-10-23', 22, 2, 2, 2),
('2022-10-24', 23, 94, 2, 2),
('2022-10-25', 0, 9, 2, 2),
('2022-10-26', 1, 20, 2, 2),
('2022-10-27', 2, 9, 2, 2),
('2022-10-28', 3, 96, 2, 2),
('2022-10-29', 4, 61, 2, 2),
('2022-10-30', 5, 43, 2, 2),
('2022-10-31', 6, 19, 2, 2),
('2022-11-01', 7, 60, 2, 2),
('2022-11-02', 8, 49, 2, 2),
('2022-11-03', 9, 65, 2, 2),
('2022-11-04', 10, 75, 2, 2),
('2022-11-05', 11, 12, 2, 2),
('2022-11-06', 12, 32, 2, 2),
('2022-11-07', 13, 68, 2, 2),
('2022-11-08', 14, 29, 2, 2),
('2022-11-09', 15, 5, 2, 2),
('2022-11-10', 16, 80, 2, 2),
('2022-11-11', 17, 26, 2, 2),
('2022-11-12', 18, 46, 2, 2),
('2022-11-13', 19, 69, 2, 2),
('2022-11-14', 20, 31, 2, 2),
('2022-11-15', 21, 76, 2, 2),
('2022-11-16', 22, 17, 2, 2),
('2022-11-17', 23, 2, 2, 2),
('2022-11-18', 0, 13, 2, 2),
('2022-11-19', 1, 59, 2, 2),
('2022-11-20', 2, 72, 2, 2),
('2022-11-21', 3, 48, 2, 2),
('2022-11-22', 4, 93, 2, 2),
('2022-11-23', 5, 4, 2, 2),
('2022-11-24', 6, 75, 2, 2),
('2022-11-25', 7, 5, 2, 2),
('2022-11-26', 8, 52, 2, 2),
('2022-11-27', 9, 64, 2, 2),
('2022-11-28', 10, 41, 2, 2),
('2022-11-29', 11, 83, 2, 2),
('2022-11-30', 12, 35, 2, 2),
('2022-12-01', 13, 63, 2, 2),
('2022-12-02', 14, 50, 2, 2),
('2022-12-03', 15, 51, 2, 2),
('2022-12-04', 16, 37, 2, 2),
('2022-12-05', 17, 23, 2, 2),
('2022-12-06', 18, 16, 2, 2),
('2022-12-07', 19, 17, 2, 2),
('2022-12-08', 20, 55, 2, 2),
('2022-12-09', 21, 35, 2, 2),
('2022-12-10', 22, 36, 2, 2),
('2022-12-11', 23, 64, 2, 2),
('2022-12-12', 0, 4, 2, 2),
('2022-12-13', 1, 94, 2, 2),
('2022-12-14', 2, 43, 2, 2),
('2022-12-15', 3, 47, 2, 2),
('2022-12-16', 4, 17, 2, 2),
('2022-12-17', 5, 88, 2, 2),
('2022-12-18', 6, 99, 2, 2),
('2022-12-19', 7, 34, 2, 2),
('2022-12-20', 8, 27, 2, 2),
('2022-12-21', 9, 5, 2, 2),
('2022-12-22', 10, 48, 2, 2),
('2022-12-23', 11, 3, 2, 2),
('2022-12-24', 12, 2, 2, 2),
('2022-12-25', 13, 100, 2, 2),
('2022-12-26', 14, 80, 2, 2),
('2022-12-27', 15, 68, 2, 2),
('2022-12-28', 16, 24, 2, 2),
('2022-12-29', 17, 14, 2, 2),
('2022-12-30', 18, 7, 2, 2),
('2022-12-31', 19, 8, 2, 2),
('2023-01-01', 20, 32, 2, 2),
('2023-01-02', 21, 100, 2, 2),
('2023-01-03', 22, 23, 2, 2),
('2023-01-04', 23, 61, 2, 2),
('2023-01-05', 0, 89, 2, 2),
('2023-01-06', 1, 35, 2, 2),
('2023-01-07', 2, 16, 2, 2),
('2023-01-08', 3, 42, 2, 2),
('2023-01-09', 4, 12, 2, 2),
('2023-01-10', 5, 57, 2, 2),
('2023-01-11', 6, 46, 2, 2),
('2023-01-12', 7, 65, 2, 2),
('2023-01-13', 8, 66, 2, 2),
('2023-01-14', 9, 16, 2, 2),
('2023-01-15', 10, 10, 2, 2),
('2023-01-16', 11, 25, 2, 2),
('2023-01-17', 12, 55, 2, 2),
('2023-01-18', 13, 40, 2, 2),
('2023-01-19', 14, 66, 2, 2),
('2023-01-20', 15, 25, 2, 2),
('2023-01-21', 16, 73, 2, 2),
('2023-01-22', 17, 99, 2, 2),
('2023-01-23', 18, 30, 2, 2),
('2023-01-24', 19, 35, 2, 2),
('2023-01-25', 20, 22, 2, 2),
('2023-01-26', 21, 58, 2, 2),
('2023-01-27', 22, 63, 2, 2),
('2023-01-28', 23, 17, 2, 2),
('2023-01-29', 0, 19, 2, 2),
('2023-01-30', 1, 81, 2, 2),
('2023-01-31', 2, 54, 2, 2),
('2023-02-01', 3, 95, 2, 2),
('2023-02-02', 4, 96, 2, 2),
('2023-02-03', 5, 81, 2, 2),
('2023-02-04', 6, 22, 2, 2),
('2023-02-05', 7, 98, 2, 2),
('2023-02-06', 8, 86, 2, 2),
('2023-02-07', 9, 72, 2, 2),
('2023-02-08', 10, 38, 2, 2),
('2023-02-09', 11, 35, 2, 2),
('2023-02-10', 12, 22, 2, 2),
('2023-02-11', 13, 79, 2, 2),
('2023-02-12', 14, 81, 2, 2),
('2023-02-13', 15, 67, 2, 2),
('2023-02-14', 16, 4, 2, 2),
('2023-02-15', 17, 6, 2, 2),
('2023-02-16', 18, 12, 2, 2),
('2023-02-17', 19, 18, 2, 2),
('2023-02-18', 20, 84, 2, 2),
('2023-02-19', 21, 89, 2, 2),
('2023-02-20', 22, 27, 2, 2),
('2023-02-21', 23, 34, 2, 2),
('2023-02-22', 0, 77, 2, 2),
('2023-02-23', 1, 46, 2, 2),
('2023-02-24', 2, 64, 2, 2),
('2023-02-25', 3, 18, 2, 2),
('2023-02-26', 4, 5, 2, 2),
('2023-02-27', 5, 59, 2, 2),
('2023-02-28', 6, 86, 2, 2),
('2023-03-01', 7, 28, 2, 2),
('2023-03-02', 8, 53, 2, 2),
('2023-03-03', 9, 26, 2, 2),
('2023-03-04', 10, 21, 2, 2),
('2023-03-05', 11, 24, 2, 2),
('2023-03-06', 12, 60, 2, 2),
('2023-03-07', 13, 72, 2, 2),
('2023-03-08', 14, 76, 2, 2),
('2023-03-09', 15, 78, 2, 2),
('2023-03-10', 16, 61, 2, 2),
('2023-03-11', 17, 84, 2, 2),
('2023-03-12', 18, 27, 2, 2),
('2023-03-13', 19, 24, 2, 2),
('2023-03-14', 20, 34, 2, 2),
('2023-03-15', 21, 48, 2, 2),
('2023-03-16', 22, 57, 2, 2),
('2023-03-17', 23, 58, 2, 2),
('2023-03-18', 0, 75, 2, 2),
('2023-03-19', 1, 31, 2, 2),
('2023-03-20', 2, 53, 2, 2),
('2023-03-21', 3, 97, 2, 2),
('2023-03-22', 4, 83, 2, 2),
('2023-03-23', 5, 11, 2, 2),
('2023-03-24', 6, 88, 2, 2),
('2023-03-25', 7, 76, 2, 2),
('2023-03-26', 8, 34, 2, 2),
('2023-03-27', 9, 1, 2, 2),
('2023-03-28', 10, 35, 2, 2),
('2023-03-29', 11, 65, 2, 2),
('2023-03-30', 12, 14, 2, 2),
('2023-03-31', 13, 30, 2, 2),
('2023-04-01', 14, 57, 2, 2),
('2023-04-02', 15, 68, 2, 2),
('2023-04-03', 16, 66, 2, 2),
('2023-04-04', 17, 37, 2, 2),
('2023-04-05', 18, 36, 2, 2),
('2023-04-06', 19, 84, 2, 2),
('2023-04-07', 20, 96, 2, 2),
('2023-04-08', 21, 25, 2, 2),
('2023-04-09', 22, 77, 2, 2),
('2023-04-10', 23, 90, 2, 2),
('2023-04-11', 0, 99, 2, 2),
('2023-04-12', 1, 42, 2, 2),
('2023-04-13', 2, 76, 2, 2),
('2023-04-14', 3, 42, 2, 2),
('2023-04-15', 4, 86, 2, 2),
('2023-04-16', 5, 95, 2, 2),
('2023-04-17', 6, 19, 2, 2),
('2023-04-18', 7, 39, 2, 2),
('2023-04-19', 8, 40, 2, 2),
('2023-04-20', 9, 16, 2, 2),
('2023-04-21', 10, 91, 2, 2),
('2023-04-22', 11, 10, 2, 2),
('2023-04-23', 12, 52, 2, 2),
('2023-04-24', 13, 11, 2, 2),
('2023-04-25', 14, 36, 2, 2),
('2023-04-26', 15, 20, 2, 2),
('2023-04-27', 16, 15, 2, 2),
('2023-04-28', 17, 27, 2, 2),
('2023-04-29', 18, 45, 2, 2),
('2023-04-30', 19, 22, 2, 2),
('2023-05-01', 20, 73, 2, 2),
('2023-05-02', 21, 77, 2, 2),
('2023-05-03', 22, 50, 2, 2),
('2023-05-04', 23, 52, 2, 2),
('2023-05-05', 0, 70, 2, 2),
('2023-05-06', 1, 55, 2, 2),
('2023-05-07', 2, 83, 2, 2),
('2023-05-08', 3, 69, 2, 2),
('2023-05-09', 4, 37, 2, 2),
('2023-05-10', 5, 49, 2, 2),
('2023-05-11', 6, 19, 2, 2),
('2023-05-12', 7, 77, 2, 2),
('2023-05-13', 8, 20, 2, 2),
('2023-05-14', 9, 4, 2, 2),
('2023-05-15', 10, 16, 2, 2),
('2023-05-16', 11, 72, 2, 2),
('2023-05-17', 12, 38, 2, 2),
('2023-05-18', 13, 76, 2, 2),
('2023-05-19', 14, 16, 2, 2),
('2023-05-20', 15, 20, 2, 2),
('2023-05-21', 16, 95, 2, 2),
('2023-05-22', 17, 42, 2, 2),
('2023-05-23', 18, 77, 2, 2),
('2023-05-24', 19, 88, 2, 2),
('2023-05-25', 20, 42, 2, 2),
('2023-05-26', 21, 96, 2, 2),
('2023-05-27', 22, 26, 2, 2),
('2023-05-28', 23, 100, 2, 2),
('2023-05-29', 0, 47, 2, 2),
('2023-05-30', 1, 21, 2, 2),
('2023-05-31', 2, 43, 2, 2),
('2023-06-01', 3, 43, 2, 2),
('2023-06-02', 4, 2, 2, 2),
('2023-06-03', 5, 59, 2, 2),
('2023-06-04', 6, 29, 2, 2),
('2023-06-05', 7, 79, 2, 2),
('2023-06-06', 8, 7, 2, 2),
('2023-06-07', 9, 38, 2, 2),
('2023-06-08', 10, 70, 2, 2),
('2023-06-09', 11, 44, 2, 2),
('2023-06-10', 12, 98, 2, 2),
('2023-06-11', 13, 43, 2, 2),
('2023-06-12', 14, 80, 2, 2),
('2023-06-13', 15, 50, 2, 2),
('2023-06-14', 16, 4, 2, 2),
('2023-06-15', 17, 90, 2, 2),
('2023-06-16', 18, 41, 2, 2),
('2023-06-17', 19, 43, 2, 2),
('2023-06-18', 20, 20, 2, 2),
('2023-06-19', 21, 88, 2, 2),
('2023-06-20', 22, 44, 2, 2),
('2023-06-21', 23, 77, 2, 2),
('2023-06-22', 0, 75, 2, 2),
('2023-06-23', 1, 63, 2, 2),
('2023-06-24', 2, 94, 2, 2),
('2023-06-25', 3, 18, 2, 2),
('2023-06-26', 4, 37, 2, 2),
('2023-06-27', 5, 57, 2, 2),
('2023-06-28', 6, 24, 2, 2),
('2023-06-29', 7, 84, 2, 2),
('2023-06-30', 8, 44, 2, 2),
('2023-07-01', 9, 81, 2, 2),
('2023-07-02', 10, 40, 2, 2),
('2023-07-03', 11, 49, 2, 2),
('2023-07-04', 12, 36, 2, 2),
('2023-07-05', 13, 52, 2, 2),
('2023-07-06', 14, 26, 2, 2),
('2023-07-07', 15, 72, 2, 2),
('2023-07-08', 16, 43, 2, 2),
('2023-07-09', 17, 59, 2, 2),
('2023-07-10', 18, 54, 2, 2),
('2023-07-11', 19, 83, 2, 2),
('2023-07-12', 20, 1, 2, 2),
('2023-07-13', 21, 12, 2, 2),
('2023-07-14', 22, 35, 2, 2),
('2023-07-15', 23, 28, 2, 2),
('2023-07-16', 0, 6, 2, 2),
('2023-07-17', 1, 86, 2, 2),
('2023-07-18', 2, 30, 2, 2),
('2023-07-19', 3, 87, 2, 2),
('2023-07-20', 4, 96, 2, 2),
('2023-07-21', 5, 53, 2, 2),
('2023-07-22', 6, 73, 2, 2),
('2023-07-23', 7, 75, 2, 2),
('2023-07-24', 8, 74, 2, 2),
('2023-07-25', 9, 77, 2, 2),
('2023-07-26', 10, 53, 2, 2),
('2023-07-27', 11, 46, 2, 2),
('2023-07-28', 12, 41, 2, 2),
('2023-07-29', 13, 99, 2, 2),
('2023-07-30', 14, 19, 2, 2),
('2023-07-31', 15, 15, 2, 2),
('2023-08-01', 16, 88, 2, 2),
('2023-08-02', 17, 11, 2, 2),
('2023-08-03', 18, 25, 2, 2),
('2023-08-04', 19, 2, 2, 2),
('2023-08-05', 20, 45, 2, 2),
('2023-08-06', 21, 89, 2, 2),
('2023-08-07', 22, 23, 2, 2),
('2023-08-08', 23, 100, 2, 2),
('2023-08-09', 0, 64, 2, 2),
('2023-08-10', 1, 1, 2, 2),
('2023-08-11', 2, 89, 2, 2),
('2023-08-12', 3, 82, 2, 2),
('2023-08-13', 4, 35, 2, 2),
('2023-08-14', 5, 41, 2, 2),
('2023-08-15', 6, 48, 2, 2),
('2023-08-16', 7, 14, 2, 2),
('2023-08-17', 8, 12, 2, 2),
('2023-08-18', 9, 46, 2, 2),
('2023-08-19', 10, 80, 2, 2),
('2023-08-20', 11, 53, 2, 2),
('2023-08-21', 12, 40, 2, 2),
('2023-08-22', 13, 20, 2, 2),
('2023-08-23', 14, 28, 2, 2),
('2023-08-24', 15, 39, 2, 2),
('2023-08-25', 16, 87, 2, 2),
('2023-08-26', 17, 39, 2, 2),
('2023-08-27', 18, 86, 2, 2),
('2023-08-28', 19, 51, 2, 2),
('2023-08-29', 20, 80, 2, 2),
('2023-08-30', 21, 8, 2, 2),
('2023-08-31', 22, 99, 2, 2),
('2023-09-01', 23, 48, 2, 2),
('2023-09-02', 0, 30, 2, 2),
('2023-09-03', 1, 84, 2, 2),
('2023-09-04', 2, 28, 2, 2),
('2023-09-05', 3, 68, 2, 2),
('2023-09-06', 4, 51, 2, 2),
('2023-09-07', 5, 5, 2, 2),
('2023-09-08', 6, 56, 2, 2),
('2023-09-09', 7, 46, 2, 2),
('2023-09-10', 8, 63, 2, 2),
('2023-09-11', 9, 28, 2, 2),
('2023-09-12', 10, 89, 2, 2),
('2023-09-13', 11, 93, 2, 2),
('2023-09-14', 12, 57, 2, 2),
('2023-09-15', 13, 68, 2, 2),
('2023-09-16', 14, 35, 2, 2),
('2023-09-17', 15, 78, 2, 2),
('2023-09-18', 16, 29, 2, 2),
('2023-09-19', 17, 27, 2, 2),
('2023-09-20', 18, 39, 2, 2),
('2023-09-21', 19, 98, 2, 2),
('2023-09-22', 20, 99, 2, 2),
('2023-09-23', 21, 35, 2, 2),
('2023-09-24', 22, 44, 2, 2),
('2023-09-25', 23, 86, 2, 2),
('2023-09-26', 0, 9, 2, 2),
('2023-09-27', 1, 43, 2, 2),
('2023-09-28', 2, 59, 2, 2),
('2023-09-29', 3, 23, 2, 2),
('2023-09-30', 4, 50, 2, 2)

INSERT INTO "ReadStations"
("Time", "Hour", "TotalRadiation", "MaxRelativeHumidity", "MinRelativeHumidity", "AverageRelativeHumidity", "MaxAtmosphericTemperature", "MinAtmosphericTemperature", "AverageAtmosphericTemperature", "AtmosphericPressure", "WindVelocity", "FK_Organ", "FK_Equipment")
VALUES
    ('2022-10-01', 0, 95, 61, 71, 88, 82, 78, 32, 67, 64, 2, 4),
    ('2022-10-02', 1, 60, 33, 61, 38, 27, 67, 51, 82, 52, 2, 4),
    ('2022-10-03', 2, 86, 24, 66, 85, 59, 52, 41, 89, 62, 2, 4),
    ('2022-10-04', 3, 54, 60, 89, 59, 22, 59, 56, 70, 22, 2, 4),
    ('2022-10-05', 4, 22, 65, 85, 17, 58, 79, 37, 98, 68, 2, 4),
    ('2022-10-06', 5, 20, 77, 24, 1, 80, 16, 81, 23, 49, 2, 4),
    ('2022-10-07', 6, 27, 96, 36, 7, 28, 66, 11, 52, 36, 2, 4),
    ('2022-10-08', 7, 50, 53, 68, 59, 100, 68, 24, 7, 1, 2, 4),
    ('2022-10-09', 8, 61, 72, 63, 13, 55, 5, 2, 67, 32, 2, 4),
    ('2022-10-10', 9, 61, 22, 35, 98, 48, 12, 54, 62, 56, 2, 4),
    ('2022-10-11', 10, 100, 85, 12, 21, 97, 91, 53, 92, 86, 2, 4),
    ('2022-10-12', 11, 54, 1, 27, 10, 88, 3, 69, 99, 18, 2, 4),
    ('2022-10-13', 12, 45, 59, 58, 54, 71, 69, 9, 53, 89, 2, 4),
    ('2022-10-14', 13, 37, 78, 27, 96, 54, 77, 81, 17, 26, 2, 4),
    ('2022-10-15', 14, 15, 69, 75, 80, 8, 7, 8, 96, 88, 2, 4),
    ('2022-10-16', 15, 23, 29, 48, 10, 56, 92, 82, 51, 100, 2, 4),
    ('2022-10-17', 16, 19, 97, 41, 66, 93, 100, 31, 11, 71, 2, 4),
    ('2022-10-18', 17, 74, 16, 54, 53, 70, 52, 89, 13, 92, 2, 4),
    ('2022-10-19', 18, 28, 26, 72, 90, 24, 84, 77, 82, 5, 2, 4),
    ('2022-10-20', 19, 10, 99, 69, 25, 7, 54, 80, 24, 20, 2, 4),
    ('2022-10-21', 20, 69, 66, 7, 88, 98, 10, 58, 43, 17, 2, 4),
    ('2022-10-22', 21, 78, 97, 33, 96, 79, 17, 47, 26, 71, 2, 4),
    ('2022-10-23', 22, 52, 27, 30, 88, 23, 82, 51, 66, 58, 2, 4),
    ('2022-10-24', 23, 10, 20, 15, 13, 24, 24, 16, 43, 23, 2, 4),
    ('2022-10-25', 0, 31, 18, 28, 28, 72, 79, 1, 30, 35, 2, 4),
    ('2022-10-26', 1, 70, 57, 45, 7, 78, 45, 82, 8, 36, 2, 4),
    ('2022-10-27', 2, 56, 36, 67, 82, 62, 78, 8, 54, 39, 2, 4),
    ('2022-10-28', 3, 68, 12, 92, 11, 13, 9, 4, 86, 23, 2, 4),
    ('2022-10-29', 4, 27, 36, 38, 96, 58, 91, 3, 31, 93, 2, 4),
    ('2022-10-30', 5, 26, 62, 17, 86, 28, 99, 8, 67, 25, 2, 4),
    ('2022-10-31', 6, 95, 90, 25, 14, 12, 3, 51, 27, 7, 2, 4),
    ('2022-11-01', 7, 22, 24, 53, 48, 90, 49, 100, 83, 10, 2, 4),
    ('2022-11-02', 8, 52, 9, 65, 14, 39, 62, 55, 53, 13, 2, 4),
    ('2022-11-03', 9, 82, 57, 6, 57, 41, 57, 37, 11, 26, 2, 4),
    ('2022-11-04', 10, 88, 25, 55, 61, 13, 46, 52, 49, 55, 2, 4),
    ('2022-11-05', 11, 98, 71, 42, 8, 45, 24, 16, 41, 6, 2, 4),
    ('2022-11-06', 12, 48, 75, 12, 13, 45, 54, 95, 22, 46, 2, 4),
    ('2022-11-07', 13, 3, 1, 48, 5, 62, 57, 66, 12, 82, 2, 4),
    ('2022-11-08', 14, 26, 46, 64, 71, 15, 42, 42, 8, 26, 2, 4),
    ('2022-11-09', 15, 59, 13, 12, 51, 89, 71, 42, 20, 67, 2, 4),
    ('2022-11-10', 16, 35, 43, 85, 49, 2, 18, 46, 69, 1, 2, 4),
    ('2022-11-11', 17, 84, 65, 38, 19, 87, 98, 44, 1, 76, 2, 4),
    ('2022-11-12', 18, 100, 56, 64, 63, 47, 26, 47, 12, 71, 2, 4),
    ('2022-11-13', 19, 75, 55, 97, 19, 45, 59, 41, 40, 3, 2, 4),
    ('2022-11-14', 20, 41, 20, 26, 19, 45, 46, 59, 49, 64, 2, 4),
    ('2022-11-15', 21, 29, 63, 62, 51, 42, 49, 34, 60, 23, 2, 4),
    ('2022-11-16', 22, 32, 96, 52, 73, 59, 5, 61, 20, 36, 2, 4),
    ('2022-11-17', 23, 46, 78, 94, 3, 75, 43, 32, 79, 36, 2, 4),
    ('2022-11-18', 0, 4, 14, 45, 82, 53, 22, 15, 77, 66, 2, 4),
    ('2022-11-19', 1, 64, 90, 61, 24, 72, 94, 14, 37, 3, 2, 4),
    ('2022-11-20', 2, 38, 56, 71, 87, 30, 16, 5, 68, 51, 2, 4),
    ('2022-11-21', 3, 32, 93, 32, 14, 79, 65, 2, 70, 16, 2, 4),
    ('2022-11-22', 4, 44, 58, 26, 66, 43, 51, 39, 35, 7, 2, 4),
    ('2022-11-23', 5, 69, 18, 86, 7, 2, 95, 39, 97, 30, 2, 4),
    ('2022-11-24', 6, 43, 47, 17, 6, 1, 58, 13, 10, 31, 2, 4),
    ('2022-11-25', 7, 88, 70, 50, 32, 43, 89, 57, 21, 72, 2, 4),
    ('2022-11-26', 8, 50, 82, 4, 14, 8, 27, 96, 95, 91, 2, 4),
    ('2022-11-27', 9, 66, 48, 25, 77, 26, 97, 15, 68, 18, 2, 4),
    ('2022-11-28', 10, 73, 84, 27, 10, 75, 58, 67, 61, 5, 2, 4),
    ('2022-11-29', 11, 97, 24, 67, 65, 78, 20, 19, 47, 7, 2, 4),
    ('2022-11-30', 12, 64, 58, 75, 6, 60, 22, 62, 57, 3, 2, 4),
    ('2022-12-01', 13, 83, 81, 90, 14, 25, 89, 68, 97, 30, 2, 4),
    ('2022-12-02', 14, 57, 98, 54, 29, 85, 93, 36, 3, 39, 2, 4),
    ('2022-12-03', 15, 92, 72, 28, 58, 89, 7, 1, 22, 22, 2, 4),
    ('2022-12-04', 16, 90, 61, 8, 58, 35, 94, 84, 45, 31, 2, 4),
    ('2022-12-05', 17, 80, 94, 23, 48, 47, 29, 26, 21, 53, 2, 4),
    ('2022-12-06', 18, 62, 2, 71, 17, 57, 86, 25, 85, 85, 2, 4),
    ('2022-12-07', 19, 38, 22, 7, 70, 3, 73, 92, 18, 67, 2, 4),
    ('2022-12-08', 20, 38, 23, 39, 18, 76, 18, 61, 38, 4, 2, 4),
    ('2022-12-09', 21, 37, 55, 14, 44, 56, 60, 69, 25, 24, 2, 4),
    ('2022-12-10', 22, 15, 65, 98, 31, 29, 34, 22, 81, 45, 2, 4),
    ('2022-12-11', 23, 64, 100, 62, 7, 90, 65, 100, 56, 42, 2, 4),
    ('2022-12-12', 0, 56, 31, 8, 11, 100, 31, 38, 86, 43, 2, 4),
    ('2022-12-13', 1, 19, 3, 60, 64, 50, 55, 68, 52, 15, 2, 4),
    ('2022-12-14', 2, 94, 31, 28, 69, 24, 40, 47, 64, 24, 2, 4),
    ('2022-12-15', 3, 88, 90, 50, 1, 15, 48, 71, 75, 67, 2, 4),
    ('2022-12-16', 4, 29, 95, 67, 99, 5, 41, 27, 21, 13, 2, 4),
    ('2022-12-17', 5, 24, 60, 93, 57, 73, 35, 7, 13, 50, 2, 4),
    ('2022-12-18', 6, 39, 27, 59, 39, 62, 12, 52, 15, 32, 2, 4),
    ('2022-12-19', 7, 48, 17, 81, 35, 6, 91, 96, 9, 60, 2, 4),
    ('2022-12-20', 8, 98, 52, 18, 98, 99, 31, 11, 72, 39, 2, 4),
    ('2022-12-21', 9, 42, 54, 11, 52, 24, 7, 74, 6, 43, 2, 4),
    ('2022-12-22', 10, 44, 74, 32, 61, 99, 28, 93, 53, 83, 2, 4),
    ('2022-12-23', 11, 94, 91, 25, 21, 60, 97, 86, 2, 2, 2, 4),
    ('2022-12-24', 12, 27, 56, 52, 90, 72, 58, 22, 47, 16, 2, 4),
    ('2022-12-25', 13, 37, 23, 21, 51, 66, 81, 24, 7, 22, 2, 4),
    ('2022-12-26', 14, 93, 94, 54, 71, 55, 83, 98, 88, 44, 2, 4),
    ('2022-12-27', 15, 45, 15, 67, 79, 65, 70, 12, 97, 30, 2, 4),
    ('2022-12-28', 16, 94, 49, 53, 48, 71, 18, 70, 79, 9, 2, 4),
    ('2022-12-29', 17, 78, 11, 99, 78, 29, 72, 98, 31, 99, 2, 4),
    ('2022-12-30', 18, 39, 10, 40, 44, 85, 89, 91, 72, 6, 2, 4),
    ('2022-12-31', 19, 63, 92, 81, 13, 61, 60, 5, 2, 28, 2, 4),
    ('2023-01-01', 20, 12, 28, 61, 60, 85, 86, 9, 84, 52, 2, 4),
    ('2023-01-02', 21, 2, 26, 94, 9, 13, 83, 63, 33, 10, 2, 4),
    ('2023-01-03', 22, 44, 76, 47, 66, 70, 65, 40, 50, 97, 2, 4),
    ('2023-01-04', 23, 55, 10, 43, 91, 82, 73, 51, 81, 77, 2, 4),
    ('2023-01-05', 0, 15, 12, 74, 99, 42, 8, 4, 8, 59, 2, 4),
    ('2023-01-06', 1, 54, 37, 85, 48, 50, 64, 85, 2, 62, 2, 4),
    ('2023-01-07', 2, 89, 64, 51, 56, 68, 58, 100, 30, 52, 2, 4),
    ('2023-01-08', 3, 33, 54, 78, 91, 62, 28, 42, 90, 91, 2, 4),
    ('2023-01-09', 4, 72, 57, 38, 50, 34, 41, 25, 66, 100, 2, 4),
    ('2023-01-10', 5, 17, 52, 50, 90, 78, 17, 23, 40, 10, 2, 4),
    ('2023-01-11', 6, 29, 36, 91, 41, 90, 17, 88, 100, 47, 2, 4),
    ('2023-01-12', 7, 56, 75, 62, 79, 16, 68, 77, 63, 37, 2, 4),
    ('2023-01-13', 8, 98, 94, 40, 53, 16, 13, 100, 8, 5, 2, 4),
    ('2023-01-14', 9, 36, 59, 72, 95, 57, 70, 25, 2, 58, 2, 4),
    ('2023-01-15', 10, 89, 59, 13, 15, 53, 8, 80, 57, 47, 2, 4),
    ('2023-01-16', 11, 80, 37, 40, 79, 86, 65, 56, 24, 98, 2, 4),
    ('2023-01-17', 12, 96, 36, 41, 91, 40, 22, 34, 75, 10, 2, 4),
    ('2023-01-18', 13, 23, 6, 54, 66, 4, 88, 18, 19, 26, 2, 4),
    ('2023-01-19', 14, 41, 70, 14, 59, 55, 7, 92, 21, 16, 2, 4),
    ('2023-01-20', 15, 35, 1, 55, 30, 52, 1, 90, 13, 34, 2, 4),
    ('2023-01-21', 16, 30, 56, 32, 94, 53, 83, 73, 21, 59, 2, 4),
    ('2023-01-22', 17, 5, 61, 30, 1, 88, 87, 14, 19, 42, 2, 4),
    ('2023-01-23', 18, 66, 49, 54, 99, 31, 56, 89, 8, 55, 2, 4),
    ('2023-01-24', 19, 93, 56, 77, 73, 51, 56, 24, 99, 67, 2, 4),
    ('2023-01-25', 20, 67, 93, 8, 60, 48, 75, 57, 99, 82, 2, 4),
    ('2023-01-26', 21, 96, 12, 85, 69, 80, 53, 14, 23, 22, 2, 4),
    ('2023-01-27', 22, 6, 25, 37, 9, 7, 9, 45, 61, 4, 2, 4),
    ('2023-01-28', 23, 27, 56, 60, 16, 42, 94, 21, 49, 57, 2, 4),
    ('2023-01-29', 0, 83, 23, 28, 81, 39, 43, 80, 83, 74, 2, 4),
    ('2023-01-30', 1, 81, 47, 86, 71, 89, 14, 40, 13, 41, 2, 4),
    ('2023-01-31', 2, 3, 60, 53, 68, 77, 97, 2, 56, 39, 2, 4),
    ('2023-02-01', 3, 59, 9, 62, 99, 82, 31, 88, 6, 75, 2, 4),
    ('2023-02-02', 4, 26, 85, 99, 41, 47, 81, 83, 3, 88, 2, 4),
    ('2023-02-03', 5, 94, 28, 23, 88, 14, 43, 97, 87, 31, 2, 4),
    ('2023-02-04', 6, 86, 97, 18, 10, 40, 7, 40, 85, 100, 2, 4),
    ('2023-02-05', 7, 100, 91, 54, 79, 52, 54, 13, 50, 41, 2, 4),
    ('2023-02-06', 8, 52, 62, 59, 61, 18, 50, 52, 11, 75, 2, 4),
    ('2023-02-07', 9, 99, 41, 32, 34, 27, 28, 38, 100, 29, 2, 4),
    ('2023-02-08', 10, 55, 56, 42, 12, 11, 2, 59, 45, 8, 2, 4),
    ('2023-02-09', 11, 36, 88, 89, 80, 66, 79, 42, 83, 71, 2, 4),
    ('2023-02-10', 12, 64, 74, 92, 74, 22, 18, 28, 90, 95, 2, 4),
    ('2023-02-11', 13, 80, 67, 28, 31, 86, 54, 74, 62, 30, 2, 4),
    ('2023-02-12', 14, 48, 23, 45, 16, 56, 53, 65, 71, 96, 2, 4),
    ('2023-02-13', 15, 59, 90, 98, 20, 54, 74, 3, 70, 63, 2, 4),
    ('2023-02-14', 16, 58, 91, 85, 60, 82, 40, 45, 80, 30, 2, 4),
    ('2023-02-15', 17, 24, 7, 45, 12, 38, 56, 88, 64, 35, 2, 4),
    ('2023-02-16', 18, 54, 50, 92, 22, 62, 62, 56, 1, 34, 2, 4),
    ('2023-02-17', 19, 74, 84, 74, 11, 88, 43, 76, 54, 43, 2, 4),
    ('2023-02-18', 20, 30, 40, 11, 28, 13, 3, 59, 99, 97, 2, 4),
    ('2023-02-19', 21, 77, 56, 32, 92, 2, 29, 77, 83, 4, 2, 4),
    ('2023-02-20', 22, 56, 48, 19, 41, 10, 87, 23, 11, 43, 2, 4),
    ('2023-02-21', 23, 38, 48, 2, 51, 4, 37, 15, 89, 53, 2, 4),
    ('2023-02-22', 0, 21, 99, 83, 1, 36, 16, 56, 60, 93, 2, 4),
    ('2023-02-23', 1, 57, 99, 65, 76, 67, 95, 38, 66, 63, 2, 4),
    ('2023-02-24', 2, 24, 28, 28, 89, 90, 88, 3, 39, 86, 2, 4),
    ('2023-02-25', 3, 48, 67, 18, 33, 5, 91, 59, 77, 47, 2, 4),
    ('2023-02-26', 4, 98, 19, 16, 23, 39, 25, 63, 23, 82, 2, 4),
    ('2023-02-27', 5, 59, 17, 41, 31, 40, 77, 8, 80, 55, 2, 4),
    ('2023-02-28', 6, 50, 48, 12, 43, 72, 64, 69, 18, 26, 2, 4),
    ('2023-03-01', 7, 48, 28, 31, 16, 65, 95, 74, 67, 22, 2, 4),
    ('2023-03-02', 8, 30, 92, 41, 80, 85, 78, 20, 29, 60, 2, 4),
    ('2023-03-03', 9, 77, 16, 40, 99, 88, 47, 24, 49, 26, 2, 4),
    ('2023-03-04', 10, 50, 17, 12, 19, 50, 5, 15, 38, 51, 2, 4),
    ('2023-03-05', 11, 37, 100, 83, 94, 4, 10, 22, 91, 35, 2, 4),
    ('2023-03-06', 12, 29, 29, 45, 75, 70, 36, 29, 46, 88, 2, 4),
    ('2023-03-07', 13, 74, 96, 33, 38, 10, 54, 52, 8, 14, 2, 4),
    ('2023-03-08', 14, 71, 32, 31, 16, 22, 68, 48, 37, 83, 2, 4),
    ('2023-03-09', 15, 17, 33, 94, 88, 76, 87, 50, 43, 98, 2, 4),
    ('2023-03-10', 16, 89, 22, 87, 11, 87, 95, 63, 81, 77, 2, 4),
    ('2023-03-11', 17, 64, 10, 51, 91, 43, 69, 47, 91, 10, 2, 4),
    ('2023-03-12', 18, 67, 35, 14, 13, 66, 41, 14, 22, 12, 2, 4),
    ('2023-03-13', 19, 90, 39, 68, 25, 54, 56, 21, 88, 14, 2, 4),
    ('2023-03-14', 20, 40, 83, 34, 26, 79, 2, 5, 10, 25, 2, 4),
    ('2023-03-15', 21, 30, 97, 24, 58, 99, 60, 74, 88, 13, 2, 4),
    ('2023-03-16', 22, 67, 1, 94, 8, 74, 39, 68, 33, 74, 2, 4),
    ('2023-03-17', 23, 15, 12, 24, 57, 83, 13, 41, 69, 100, 2, 4),
    ('2023-03-18', 0, 100, 55, 74, 33, 15, 65, 54, 45, 95, 2, 4),
    ('2023-03-19', 1, 15, 91, 49, 73, 99, 98, 8, 19, 15, 2, 4),
    ('2023-03-20', 2, 40, 94, 73, 94, 57, 65, 40, 94, 91, 2, 4),
    ('2023-03-21', 3, 63, 4, 97, 53, 67, 55, 69, 94, 48, 2, 4),
    ('2023-03-22', 4, 95, 77, 25, 54, 48, 60, 39, 56, 94, 2, 4),
    ('2023-03-23', 5, 61, 65, 23, 61, 67, 40, 78, 66, 31, 2, 4),
    ('2023-03-24', 6, 89, 40, 42, 81, 34, 91, 63, 25, 60, 2, 4),
    ('2023-03-25', 7, 79, 66, 86, 70, 90, 42, 67, 28, 34, 2, 4),
    ('2023-03-26', 8, 91, 94, 80, 95, 56, 1, 86, 51, 8, 2, 4),
    ('2023-03-27', 9, 90, 45, 56, 93, 73, 75, 17, 52, 90, 2, 4),
    ('2023-03-28', 10, 96, 9, 64, 13, 95, 59, 92, 47, 29, 2, 4),
    ('2023-03-29', 11, 4, 49, 5, 59, 45, 55, 14, 69, 56, 2, 4),
    ('2023-03-30', 12, 92, 88, 12, 81, 84, 70, 57, 59, 97, 2, 4),
    ('2023-03-31', 13, 43, 17, 46, 43, 1, 76, 20, 21, 55, 2, 4),
    ('2023-04-01', 14, 31, 80, 88, 80, 39, 92, 74, 68, 79, 2, 4),
    ('2023-04-02', 15, 56, 22, 72, 60, 12, 73, 52, 94, 27, 2, 4),
    ('2023-04-03', 16, 66, 87, 76, 66, 64, 86, 24, 13, 35, 2, 4),
    ('2023-04-04', 17, 40, 25, 85, 25, 15, 36, 97, 8, 10, 2, 4),
    ('2023-04-05', 18, 28, 76, 69, 4, 11, 13, 64, 76, 93, 2, 4),
    ('2023-04-06', 19, 58, 64, 49, 69, 27, 4, 82, 7, 24, 2, 4),
    ('2023-04-07', 20, 17, 78, 10, 1, 59, 74, 23, 58, 95, 2, 4),
    ('2023-04-08', 21, 27, 46, 91, 90, 99, 95, 84, 61, 67, 2, 4),
    ('2023-04-09', 22, 33, 52, 22, 16, 66, 23, 23, 56, 20, 2, 4),
    ('2023-04-10', 23, 6, 51, 69, 19, 8, 19, 36, 35, 98, 2, 4),
    ('2023-04-11', 0, 58, 18, 100, 97, 80, 94, 39, 74, 11, 2, 4),
    ('2023-04-12', 1, 86, 38, 29, 23, 60, 63, 13, 11, 73, 2, 4),
    ('2023-04-13', 2, 10, 9, 50, 65, 21, 52, 48, 45, 77, 2, 4),
    ('2023-04-14', 3, 17, 52, 50, 34, 45, 8, 32, 55, 59, 2, 4),
    ('2023-04-15', 4, 90, 59, 33, 47, 13, 5, 96, 32, 45, 2, 4),
    ('2023-04-16', 5, 88, 50, 66, 58, 86, 86, 40, 45, 65, 2, 4),
    ('2023-04-17', 6, 31, 9, 5, 47, 54, 25, 58, 14, 58, 2, 4),
    ('2023-04-18', 7, 69, 16, 5, 1, 17, 55, 71, 11, 100, 2, 4),
    ('2023-04-19', 8, 41, 57, 7, 25, 51, 88, 90, 17, 71, 2, 4),
    ('2023-04-20', 9, 15, 88, 39, 15, 63, 57, 66, 97, 93, 2, 4),
    ('2023-04-21', 10, 66, 78, 27, 20, 46, 94, 31, 14, 50, 2, 4),
    ('2023-04-22', 11, 75, 39, 35, 49, 26, 65, 38, 10, 82, 2, 4),
    ('2023-04-23', 12, 45, 50, 39, 23, 14, 37, 55, 4, 46, 2, 4),
    ('2023-04-24', 13, 24, 45, 39, 59, 86, 92, 11, 98, 87, 2, 4),
    ('2023-04-25', 14, 5, 60, 6, 43, 61, 78, 86, 25, 92, 2, 4),
    ('2023-04-26', 15, 8, 96, 85, 46, 87, 15, 86, 26, 26, 2, 4),
    ('2023-04-27', 16, 41, 84, 44, 79, 47, 82, 9, 26, 55, 2, 4),
    ('2023-04-28', 17, 36, 13, 16, 96, 50, 47, 82, 52, 46, 2, 4),
    ('2023-04-29', 18, 23, 50, 18, 66, 27, 88, 95, 94, 58, 2, 4),
    ('2023-04-30', 19, 83, 61, 87, 18, 40, 36, 16, 56, 24, 2, 4),
    ('2023-05-01', 20, 34, 48, 78, 37, 78, 44, 89, 78, 88, 2, 4),
    ('2023-05-02', 21, 93, 39, 34, 32, 84, 20, 63, 56, 28, 2, 4),
    ('2023-05-03', 22, 61, 32, 10, 61, 67, 39, 59, 98, 58, 2, 4),
    ('2023-05-04', 23, 51, 51, 89, 68, 93, 18, 8, 85, 82, 2, 4),
    ('2023-05-05', 0, 47, 35, 74, 75, 62, 75, 98, 19, 11, 2, 4),
    ('2023-05-06', 1, 37, 46, 66, 87, 76, 35, 48, 80, 84, 2, 4),
    ('2023-05-07', 2, 53, 11, 63, 95, 28, 81, 9, 39, 88, 2, 4),
    ('2023-05-08', 3, 9, 84, 3, 50, 92, 54, 1, 42, 93, 2, 4),
    ('2023-05-09', 4, 8, 41, 62, 55, 37, 30, 61, 93, 77, 2, 4),
    ('2023-05-10', 5, 85, 77, 77, 6, 86, 47, 69, 45, 64, 2, 4),
    ('2023-05-11', 6, 90, 31, 14, 73, 87, 69, 40, 68, 54, 2, 4),
    ('2023-05-12', 7, 14, 79, 81, 31, 27, 21, 30, 48, 13, 2, 4),
    ('2023-05-13', 8, 55, 81, 14, 86, 24, 13, 27, 55, 75, 2, 4),
    ('2023-05-14', 9, 45, 41, 42, 11, 81, 67, 81, 60, 95, 2, 4),
    ('2023-05-15', 10, 58, 5, 59, 95, 29, 65, 66, 95, 37, 2, 4),
    ('2023-05-16', 11, 84, 83, 35, 23, 99, 79, 34, 13, 60, 2, 4),
    ('2023-05-17', 12, 7, 16, 46, 17, 3, 99, 28, 61, 8, 2, 4),
    ('2023-05-18', 13, 53, 15, 28, 21, 36, 6, 14, 14, 26, 2, 4),
    ('2023-05-19', 14, 21, 35, 89, 49, 45, 85, 97, 3, 35, 2, 4),
    ('2023-05-20', 15, 64, 79, 70, 18, 52, 76, 95, 95, 32, 2, 4),
    ('2023-05-21', 16, 10, 16, 75, 100, 93, 88, 54, 36, 31, 2, 4),
    ('2023-05-22', 17, 35, 33, 84, 72, 52, 81, 59, 46, 90, 2, 4),
    ('2023-05-23', 18, 50, 76, 55, 16, 75, 55, 9, 31, 88, 2, 4),
    ('2023-05-24', 19, 2, 98, 63, 27, 12, 81, 60, 49, 14, 2, 4),
    ('2023-05-25', 20, 41, 89, 92, 57, 54, 95, 32, 6, 62, 2, 4),
    ('2023-05-26', 21, 14, 49, 100, 30, 99, 57, 43, 61, 14, 2, 4),
    ('2023-05-27', 22, 61, 8, 27, 33, 20, 7, 4, 62, 12, 2, 4),
    ('2023-05-28', 23, 37, 67, 41, 21, 71, 72, 50, 58, 14, 2, 4),
    ('2023-05-29', 0, 51, 49, 54, 93, 2, 52, 73, 20, 30, 2, 4),
    ('2023-05-30', 1, 13, 70, 56, 6, 30, 69, 35, 27, 93, 2, 4),
    ('2023-05-31', 2, 64, 66, 5, 36, 63, 35, 1, 35, 85, 2, 4),
    ('2023-06-01', 3, 78, 7, 36, 78, 56, 3, 38, 2, 12, 2, 4),
    ('2023-06-02', 4, 63, 88, 80, 21, 39, 91, 8, 83, 79, 2, 4),
    ('2023-06-03', 5, 38, 82, 21, 6, 62, 2, 30, 39, 82, 2, 4),
    ('2023-06-04', 6, 23, 24, 14, 81, 71, 34, 88, 74, 27, 2, 4),
    ('2023-06-05', 7, 21, 8, 45, 82, 68, 78, 48, 44, 76, 2, 4),
    ('2023-06-06', 8, 95, 70, 60, 61, 78, 13, 42, 94, 59, 2, 4),
    ('2023-06-07', 9, 9, 26, 5, 44, 31, 79, 10, 66, 89, 2, 4),
    ('2023-06-08', 10, 41, 67, 90, 81, 7, 89, 25, 2, 56, 2, 4),
    ('2023-06-09', 11, 99, 97, 16, 13, 13, 38, 69, 94, 50, 2, 4),
    ('2023-06-10', 12, 95, 31, 87, 33, 67, 3, 61, 59, 7, 2, 4),
    ('2023-06-11', 13, 61, 43, 35, 33, 43, 45, 32, 71, 89, 2, 4),
    ('2023-06-12', 14, 62, 5, 64, 91, 48, 73, 95, 6, 80, 2, 4),
    ('2023-06-13', 15, 40, 61, 66, 63, 95, 30, 29, 26, 74, 2, 4),
    ('2023-06-14', 16, 58, 76, 41, 10, 69, 16, 68, 86, 9, 2, 4),
    ('2023-06-15', 17, 74, 80, 80, 31, 43, 24, 33, 16, 1, 2, 4),
    ('2023-06-16', 18, 25, 12, 76, 98, 71, 71, 74, 40, 9, 2, 4),
    ('2023-06-17', 19, 84, 63, 48, 16, 49, 75, 100, 85, 45, 2, 4),
    ('2023-06-18', 20, 62, 23, 12, 1, 13, 4, 31, 97, 42, 2, 4),
    ('2023-06-19', 21, 94, 3, 7, 93, 14, 60, 23, 50, 14, 2, 4),
    ('2023-06-20', 22, 12, 19, 38, 63, 15, 59, 1, 2, 100, 2, 4),
    ('2023-06-21', 23, 4, 74, 3, 65, 22, 86, 96, 40, 98, 2, 4),
    ('2023-06-22', 0, 58, 90, 84, 37, 80, 66, 31, 86, 33, 2, 4),
    ('2023-06-23', 1, 36, 35, 63, 49, 61, 75, 65, 72, 1, 2, 4),
    ('2023-06-24', 2, 28, 22, 38, 30, 11, 30, 13, 86, 94, 2, 4),
    ('2023-06-25', 3, 2, 39, 25, 86, 58, 8, 36, 81, 30, 2, 4),
    ('2023-06-26', 4, 15, 83, 47, 60, 94, 81, 57, 8, 75, 2, 4),
    ('2023-06-27', 5, 16, 69, 72, 29, 33, 58, 87, 13, 76, 2, 4),
    ('2023-06-28', 6, 1, 94, 83, 69, 60, 70, 67, 32, 18, 2, 4),
    ('2023-06-29', 7, 80, 28, 20, 82, 27, 60, 60, 77, 73, 2, 4),
    ('2023-06-30', 8, 56, 29, 3, 44, 75, 76, 39, 81, 82, 2, 4),
    ('2023-07-01', 9, 26, 35, 76, 45, 60, 14, 61, 76, 89, 2, 4),
    ('2023-07-02', 10, 46, 93, 77, 3, 91, 29, 86, 1, 21, 2, 4),
    ('2023-07-03', 11, 24, 34, 86, 44, 89, 83, 71, 10, 53, 2, 4),
    ('2023-07-04', 12, 80, 49, 43, 27, 82, 87, 11, 31, 72, 2, 4),
    ('2023-07-05', 13, 29, 26, 25, 15, 75, 17, 33, 60, 84, 2, 4),
    ('2023-07-06', 14, 22, 5, 32, 10, 45, 72, 25, 49, 36, 2, 4),
    ('2023-07-07', 15, 13, 32, 32, 2, 83, 88, 87, 62, 84, 2, 4),
    ('2023-07-08', 16, 61, 14, 51, 82, 73, 93, 52, 78, 78, 2, 4),
    ('2023-07-09', 17, 8, 68, 52, 70, 56, 60, 28, 28, 39, 2, 4),
    ('2023-07-10', 18, 54, 43, 25, 33, 91, 59, 82, 40, 84, 2, 4),
    ('2023-07-11', 19, 21, 96, 51, 32, 15, 55, 49, 80, 52, 2, 4),
    ('2023-07-12', 20, 85, 74, 21, 56, 88, 21, 57, 58, 87, 2, 4),
    ('2023-07-13', 21, 48, 10, 76, 80, 45, 62, 81, 16, 7, 2, 4),
    ('2023-07-14', 22, 97, 69, 28, 89, 83, 44, 93, 90, 20, 2, 4),
    ('2023-07-15', 23, 10, 39, 14, 56, 27, 74, 76, 82, 27, 2, 4),
    ('2023-07-16', 0, 4, 14, 94, 7, 58, 78, 78, 3, 68, 2, 4),
    ('2023-07-17', 1, 75, 40, 28, 50, 48, 35, 15, 40, 59, 2, 4),
    ('2023-07-18', 2, 88, 89, 45, 51, 96, 15, 2, 17, 57, 2, 4),
    ('2023-07-19', 3, 89, 65, 72, 48, 2, 25, 69, 60, 78, 2, 4),
    ('2023-07-20', 4, 50, 8, 83, 59, 99, 76, 70, 87, 26, 2, 4),
    ('2023-07-21', 5, 45, 84, 70, 46, 88, 45, 57, 30, 74, 2, 4),
    ('2023-07-22', 6, 96, 49, 88, 47, 63, 100, 21, 23, 32, 2, 4),
    ('2023-07-23', 7, 44, 27, 47, 54, 99, 85, 17, 46, 38, 2, 4),
    ('2023-07-24', 8, 55, 70, 72, 95, 71, 88, 24, 27, 19, 2, 4),
    ('2023-07-25', 9, 70, 64, 96, 59, 72, 99, 7, 31, 27, 2, 4),
    ('2023-07-26', 10, 83, 62, 62, 78, 13, 73, 91, 81, 21, 2, 4),
    ('2023-07-27', 11, 91, 44, 99, 92, 66, 34, 83, 21, 54, 2, 4),
    ('2023-07-28', 12, 48, 44, 17, 64, 77, 90, 78, 70, 1, 2, 4),
    ('2023-07-29', 13, 32, 6, 31, 48, 59, 41, 57, 85, 72, 2, 4),
    ('2023-07-30', 14, 47, 71, 16, 91, 94, 99, 44, 86, 87, 2, 4),
    ('2023-07-31', 15, 83, 56, 80, 86, 4, 23, 58, 24, 42, 2, 4),
    ('2023-08-01', 16, 15, 93, 10, 49, 98, 22, 42, 15, 13, 2, 4),
    ('2023-08-02', 17, 70, 24, 92, 77, 65, 8, 67, 50, 30, 2, 4),
    ('2023-08-03', 18, 74, 72, 83, 59, 57, 7, 50, 19, 30, 2, 4),
    ('2023-08-04', 19, 56, 18, 40, 56, 40, 91, 41, 55, 71, 2, 4),
    ('2023-08-05', 20, 36, 100, 23, 73, 4, 22, 9, 88, 27, 2, 4),
    ('2023-08-06', 21, 72, 63, 58, 40, 23, 30, 65, 77, 59, 2, 4),
    ('2023-08-07', 22, 99, 88, 78, 29, 5, 2, 66, 92, 85, 2, 4),
    ('2023-08-08', 23, 91, 23, 75, 93, 55, 42, 94, 75, 10, 2, 4),
    ('2023-08-09', 0, 73, 36, 60, 7, 69, 47, 2, 77, 74, 2, 4),
    ('2023-08-10', 1, 58, 92, 80, 80, 89, 29, 95, 2, 93, 2, 4),
    ('2023-08-11', 2, 29, 67, 6, 66, 80, 7, 65, 55, 34, 2, 4),
    ('2023-08-12', 3, 38, 65, 8, 49, 2, 66, 29, 96, 74, 2, 4),
    ('2023-08-13', 4, 39, 29, 53, 92, 50, 20, 51, 59, 61, 2, 4),
    ('2023-08-14', 5, 94, 70, 45, 80, 67, 46, 61, 80, 21, 2, 4),
    ('2023-08-15', 6, 98, 44, 37, 98, 63, 46, 88, 83, 38, 2, 4),
    ('2023-08-16', 7, 96, 6, 92, 80, 90, 67, 34, 22, 28, 2, 4),
    ('2023-08-17', 8, 36, 80, 98, 30, 43, 28, 19, 55, 16, 2, 4),
    ('2023-08-18', 9, 83, 71, 17, 50, 87, 7, 58, 98, 65, 2, 4),
    ('2023-08-19', 10, 53, 24, 62, 45, 94, 99, 27, 39, 50, 2, 4),
    ('2023-08-20', 11, 80, 17, 55, 18, 25, 38, 22, 49, 26, 2, 4),
    ('2023-08-21', 12, 26, 57, 57, 9, 34, 24, 37, 44, 11, 2, 4),
    ('2023-08-22', 13, 30, 97, 94, 42, 79, 81, 62, 54, 84, 2, 4),
    ('2023-08-23', 14, 58, 78, 95, 33, 10, 79, 43, 93, 37, 2, 4),
    ('2023-08-24', 15, 1, 63, 33, 10, 42, 89, 76, 40, 64, 2, 4),
    ('2023-08-25', 16, 20, 59, 78, 19, 27, 75, 29, 33, 92, 2, 4),
    ('2023-08-26', 17, 27, 16, 44, 42, 39, 66, 90, 55, 1, 2, 4),
    ('2023-08-27', 18, 84, 49, 28, 48, 60, 94, 8, 44, 87, 2, 4),
    ('2023-08-28', 19, 3, 13, 73, 96, 100, 36, 91, 84, 62, 2, 4),
    ('2023-08-29', 20, 78, 98, 89, 73, 84, 18, 69, 77, 41, 2, 4),
    ('2023-08-30', 21, 35, 70, 38, 23, 87, 27, 98, 4, 21, 2, 4),
    ('2023-08-31', 22, 26, 81, 87, 69, 65, 10, 20, 36, 48, 2, 4),
    ('2023-09-01', 23, 6, 36, 90, 47, 94, 92, 82, 86, 86, 2, 4),
    ('2023-09-02', 0, 78, 67, 6, 3, 70, 20, 58, 97, 82, 2, 4),
    ('2023-09-03', 1, 67, 10, 6, 13, 22, 84, 99, 71, 17, 2, 4),
    ('2023-09-04', 2, 21, 95, 84, 92, 76, 59, 11, 91, 98, 2, 4),
    ('2023-09-05', 3, 17, 63, 5, 30, 19, 13, 16, 92, 2, 2, 4),
    ('2023-09-06', 4, 25, 19, 99, 41, 38, 19, 62, 59, 49, 2, 4),
    ('2023-09-07', 5, 29, 26, 49, 50, 16, 39, 50, 95, 76, 2, 4),
    ('2023-09-08', 6, 35, 8, 71, 95, 91, 84, 69, 21, 1, 2, 4),
    ('2023-09-09', 7, 90, 99, 34, 2, 87, 8, 52, 3, 29, 2, 4),
    ('2023-09-10', 8, 3, 49, 39, 65, 67, 40, 14, 45, 99, 2, 4),
    ('2023-09-11', 9, 62, 33, 55, 5, 26, 24, 89, 90, 4, 2, 4),
    ('2023-09-12', 10, 25, 69, 49, 72, 26, 94, 99, 9, 10, 2, 4),
    ('2023-09-13', 11, 42, 73, 22, 54, 96, 52, 80, 94, 88, 2, 4),
    ('2023-09-14', 12, 7, 22, 83, 19, 28, 94, 3, 59, 44, 2, 4),
    ('2023-09-15', 13, 63, 73, 45, 45, 7, 30, 4, 86, 22, 2, 4),
    ('2023-09-16', 14, 63, 76, 38, 25, 67, 27, 14, 82, 11, 2, 4),
    ('2023-09-17', 15, 37, 2, 77, 20, 8, 81, 18, 8, 37, 2, 4),
    ('2023-09-18', 16, 8, 37, 33, 41, 92, 40, 7, 76, 40, 2, 4),
    ('2023-09-19', 17, 42, 91, 93, 13, 20, 68, 41, 90, 69, 2, 4),
    ('2023-09-20', 18, 91, 3, 42, 100, 86, 49, 45, 30, 13, 2, 4),
    ('2023-09-21', 19, 82, 9, 52, 96, 67, 59, 26, 5, 29, 2, 4),
    ('2023-09-22', 20, 23, 50, 70, 65, 56, 17, 30, 58, 16, 2, 4),
    ('2023-09-23', 21, 22, 10, 4, 75, 94, 89, 14, 27, 63, 2, 4),
    ('2023-09-24', 22, 70, 94, 47, 10, 58, 85, 27, 100, 61, 2, 4),
    ('2023-09-25', 23, 22, 58, 30, 54, 45, 68, 13, 62, 62, 2, 4),
    ('2023-09-26', 0, 69, 83, 34, 73, 50, 34, 67, 36, 44, 2, 4),
    ('2023-09-27', 1, 82, 88, 22, 26, 53, 94, 58, 93, 13, 2, 4),
    ('2023-09-28', 2, 22, 24, 10, 12, 48, 99, 4, 22, 8, 2, 4),
    ('2023-09-29', 3, 93, 71, 15, 12, 57, 77, 63, 79, 49, 2, 4),
    ('2023-09-30', 4, 82, 53, 95, 17, 36, 50, 82, 7, 36, 2, 4)
