USOS;H0320;H0321;H0322;H0323
1;;;;70000
2;FALSE;;;21600
3;FALSE;;;26500
4;TRUE;25000;4;39600
5;FALSE;;;73480
6;FALSE;;;19200
7;FALSE;;;140760
8;TRUE;20000;4;183600
9;FALSE;;;57960
10;TRUE;50;1.5;49680
11;TRUE;10000;3;165600
12;FALSE;;;41400
13;FALSE;;;49680
14;FALSE;;;57960
15;TRUE;12000;3.5;314.64
16;FALSE;;;24840
17;TRUE;30000;4;126.72
18;FALSE;;;107640
19;FALSE;;;316.8
20;;;;48000
21;FALSE;;;36
22;FALSE;;;79.2
23;FALSE;;;79200
24;TRUE;10000;4;70.4
25;TRUE;80000;5;42860
26;;;;
27;TRUE;80000;5;18000
28;TRUE;80000;5;12000
29;TRUE;10000;4;82800
30;TRUE;20000;4;158400
31;TRUE;15000;4;31600
32;FALSE;;;42000
33;FALSE;;;15840
34;FALSE;;;36000
35;FALSE;;;15
36;FALSE;;;21
37;FALSE;;;24.84
38;FALSE;;;165.6
39;TRUE;10000;4;50
40;FALSE;;;186.3
41;FALSE;;;16560
42;TRUE;10000;4;165600
43;FALSE;;;57960
44;FALSE;;;17890
45;FALSE;;;23.76
46;FALSE;;;23.84
47;FALSE;;;23760
48;FALSE;;;41.4
49;FALSE;;;39600
50;;;;23760
51;;;;23760
52;;;;
53;;;;158400
54;FALSE;;;11880
55;FALSE;;;55440
56;FALSE;;;47520
57;FALSE;;;29300
58;FALSE;;;31680
59;FALSE;;;39600
60;FALSE;;;180000
61;FALSE;;;27700
62;FALSE;;;117000
63;TRUE;60000;5;95400
64;TRUE;10000;3;237600
65;TRUE;60000;5;579600
66;FALSE;;;79200
67;FALSE;;;79200
68;FALSE;;;18430
69;FALSE;;;124200
70;;;;79200
71;FALSE;;;248400
72;FALSE;;;39600
73;TRUE;6000;5;41300
74;FALSE;;;53820
75;FALSE;;;49680
76;FALSE;;;230600
77;FALSE;;;45540
78;FALSE;;;57960
79;TRUE;10000;3;153000
80;FALSE;;;79.2
81;;;;20000
82;;;;23
83;TRUE;6000;5;7200
84;TRUE;6000;5;12000
85;;;;55440
86;;;;27000
87;;;;30000
88;;;;225000
89;;;;50000
90;FALSE;;;45000
91;FALSE;;;15840
92;FALSE;;;66240
93;FALSE;;;18000
94;FALSE;;;12000
95;FALSE;;;90000
96;FALSE;;;85040
97;FALSE;;;124200
98;FALSE;;;82800
99;FALSE;;;48438
100;FALSE;;;28980
101;;;;25000
102;;;;60
103;;;;15000
104;FALSE;;;12000
105;;;;20000
106;;;;50
107;;;;30
108;;;;2
109;;;;30
110;;;;8000
111;;;;12
112;FALSE;;;30
113;;;;40
114;;;;30
115;;;;50
116;;;;20
117;;;;60
118;;;;30
119;;;;16
120;;;;36
121;;;;
122;;;;24000
123;;;;20
124;;;;30
125;;;;15000
126;;;;20
127;;;;12000
128;;;;27
129;;;;45
130;;;;12
131;;;;14.4
132;;;;10
133;;;;250
134;;;;150
135;;;;25.6
136;;;;15000
137;;;;24
138;;;;5
139;;;;9
140;;;;15
141;;;;5
142;;;;9
143;;;;15
144;;;;5
145;;;;50
146;;;;24
147;;;;14
148;;;;10
149;;;;15
150;;;;30000
151;;;;20
152;;;;5
153;;;;60
154;;;;20
155;;;;6
156;;;;20
157;;;;15
158;;;;48000
159;;;;36
160;;;;17100
161;;;;96000
162;;;;24000
163;;;;72
164;;;;180
165;;;;120
166;;;;625
167;;;;12000
168;;;;160
169;;;;60
170;;;;200
171;;;;70
172;;;;192
173;;;;335
174;;;;96
175;;;;120
176;;;;120
177;;;;80
178;;;;7500
179;;;;130000
180;;;;75
181;;;;60
182;;;;90000
183;;;;60
184;;;;60000
185;;;;50
186;;;;50
187;;;;240
188;;;;120
189;;;;30
190;;;;200
191;;;;90
192;;;;120
193;;;;160000
194;;;;24
195;;;;40
196;;;;30
197;;;;60
198;;;;48
199;;;;54
200;;;;40
201;;;;100
202;;;;100
203;;;;60
204;;;;53
205;;;;50
206;;;;60
207;;;;228
208;;;;15
209;;;;40
210;FALSE;;;40
211;;;;30
212;;;;54.144
213;;;;80
214;;;;
215;;;;96000
216;;;;60000
217;;;;87000
218;;;;24000
219;FALSE;;;45000
220;;;40;36000
221;;;;96
222;;;;36000
223;;;;48000
224;;;;48000
225;;;;36
226;;;;84000
227;;;;48000
228;;;;36
229;;;;42
230;;;;30
231;;;;30
232;;;;36
233;;;;48
234;;;;30
235;;;;30000
236;;;;30000
237;;;;30
238;;;;36
239;;;;30000
240;;;;36
241;;;;42000
242;;;;24
243;;;;30
244;;;;60
245;;;;72
246;;;;24
247;;;;24
248;;;;24
249;;;;30
250;;;;30000
251;;;;36
252;;;;24
253;;;;30
254;;;;24
255;;;;30
256;;;;42
257;;;;24
258;;;;24
259;;;;30
260;;;;30
261;;;;24
262;;;;36
263;;;;30
264;;;;42
265;;;;24
266;;;;30
267;;;;30
268;;;;24
269;;;;36
270;;;;42
271;TRUE;;30;18000
272;;;;7500
273;;;;45000
274;;;;87000
275;;;;12000
276;TRUE;;20;24000
277;TRUE;;3;30000
278;;;6;12000
279;;;;18000
280;;;;22000
281;;;;9000
282;FALSE;;;15000
283;;;;11000
284;TRUE;;;25000
285;FALSE;;;20000
286;;;;9000
287;FALSE;;;7000
288;;;;9000
289;FALSE;;;5000
290;FALSE;;;17000
291;TRUE;;;8500
292;FALSE;;;9000
293;TRUE;;;12000
294;FALSE;;;7000
295;;;;5000
296;FALSE;;;7000
297;;;;12000
298;TRUE;;;9000
299;;;;5000
300;FALSE;;;9000
301;TRUE;;;3000
302;FALSE;;;2400
303;TRUE;;;3500
304;TRUE;;;3700
305;;;;185560
306;;;;87200
307;;;;158400
308;;;;57600
309;;;;36480
310;;;;42180
311;;;;15230
312;;;;139800
313;;;;38430
314;FALSE;;;102960
315;FALSE;;;11040
316;;;;44100
317;FALSE;;;8000
318;;;;45880
319;;;;76920
320;;;;10000
321;FALSE;;;13896
322;;;;52000
323;;;;29970
324;TRUE;130000;5;23760
325;FALSE;;;87120
326;FALSE;;;36180
327;;;;23.76
328;FALSE;;;68100
329;FALSE;;;13.2
330;FALSE;;;43.023
331;FALSE;;;11230
332;FALSE;;;35870
333;FALSE;;;21780
334;FALSE;;;7920
335;;;;40540
336;FALSE;;;18630
337;;;;60480
338;FALSE;;;24300
339;;;;79600
340;;;;75600
341;FALSE;;;24480
342;;;;79600
343;FALSE;;;34440
344;;;;61740
345;;;;79600
346;;;;113400
347;FALSE;;;37000
348;;;;9240
349;;;;
350;;;;151200
351;;;;
352;;;;300.96
353;;;;158400
354;;;;47320
355;FALSE;;;151200
356;FALSE;;;57340
357;FALSE;;;82080
358;FALSE;;;52920
359;FALSE;;;25200
360;FALSE;;;32450
361;FALSE;;;396
362;FALSE;;;277200
363;FALSE;;;7920
364;FALSE;;;43560
365;;;;7812
366;FALSE;;;75600
367;;;;341760
368;FALSE;;;78680
369;FALSE;;;64520
370;;;;9240
371;;;;32760
372;FALSE;;;21420
373;FALSE;;;37800
374;;;;43920
375;;;;18480
376;;;;10170
377;FALSE;;;22.14
378;;;;48000
379;;;;76.2
380;FALSE;;;22530
381;;;;24000
382;;;;22140
383;;;;76000
384;;;;64000
385;;;;60000
386;;;;40000
387;;;;50000
388;;;;50000
389;;;;20000
390;;;;30000
391;;;;60000
392;;;;50000
393;;;;40000
394;;;;60000
395;;;;60000
396;;;;60000
397;;;;50000
398;;;;40000
399;;;;60000
400;;;;50000
401;;;;13000
402;;;;25000
403;;;;50000
404;;;;56000
405;;;;35000
406;;;;400000
407;;;;34000
408;;;;45000
409;;;;56000
410;;;;50000
411;;;;21000
412;;;;
413;;;;
414;;;;
415;;;;
416;;;;
417;;;;
418;;;;
419;;;;
420;;;;
421;;;;
422;;;;
423;;;;
424;;;;
425;;;;
426;;;;30000
427;;;;
428;;;;253000
429;;;;
430;;;;
431;;;;
432;;;;
433;;;;
434;;;;
435;;;;
436;;;;
437;;;;
438;;;;
439;;;;
440;;;;
441;;;;
442;;;;
443;;;;
444;;;;
445;;;;
446;;;;
447;;;;
448;;;;
449;;;;
450;;;;
451;;;;
452;;;;
453;;;;
454;;;;
455;;;;
456;;;;
457;;;;35000
458;;;;
459;;;;
460;;;;
461;;;;35000
462;;;;30000
463;;;;
464;;;;
465;;;;
466;;;;
467;;;;40000
468;;;;
469;;;;48000
470;;;;
471;FALSE;;;1.5
472;;;;2.5
473;;;;3
474;FALSE;;;10000.00
475;FALSE;;;2500.00
476;FALSE;;;3.5
477;;;;1.5
478;;;;2.5
479;FALSE;;;
480;;;;3.5
481;;;;2
482;;;;2
483;FALSE;;;10000.00
484;FALSE;;;3
485;;;;3
486;;;;6
487;;;;3.5
488;;;;5
489;;;;1.5
490;;;;3
491;;;;2
492;;;;2.5
493;;;;3.5
494;;;;2
495;;;;3
496;;;;3.5
497;;;;2
498;;;;2
499;FALSE;;;3
500;;;;6
501;;;;3
502;;;;2.5
503;;;;1.5
504;;;;3
505;;;;2
506;;;;3
507;;;;4
508;;;;3
509;FALSE;;;3
510;FALSE;;;
511;FALSE;;;
512;FALSE;;;
513;FALSE;;;
514;FALSE;;;
515;FALSE;;;
516;FALSE;;;
517;FALSE;;;
518;FALSE;;;
519;FALSE;;;
520;FALSE;;;
521;;;;
522;;;;
523;;;;
524;;;;
525;;;;
526;;;;
527;;;;
528;;;;
529;;;;
530;;;;
531;;;;16
532;;;;12
533;;;;12
534;TRUE;;;16
535;TRUE;;;15
536;TRUE;;;13
537;;;;15
538;;;;22
539;TRUE;;;15
540;TRUE;;;12
541;TRUE;;;16
542;TRUE;;;12
543;TRUE;;;13
544;;;;12
545;;;;
546;;;;80
547;TRUE;;;13
548;TRUE;;;12
549;TRUE;;;26
550;;;;
551;;;;
552;;;;
553;TRUE;;;32
554;TRUE;;;12
555;TRUE;;;40
556;TRUE;;;40
557;TRUE;;;40
558;TRUE;;;15
559;TRUE;;;20
560;TRUE;;;15
561;TRUE;;;10
562;;;;25
563;TRUE;;;42
564;TRUE;;;16
565;TRUE;;;10
566;;;;16
567;TRUE;;;18
568;;;;20
569;;;;80
570;TRUE;;;35
571;;;;15
572;TRUE;;;38
573;;;;50
574;TRUE;;;18
575;;;;10
576;;;;25
577;TRUE;;;25
578;TRUE;;;15
579;;;;15
580;;;;16
581;TRUE;;;16
582;;;;15
583;;;;15
584;;;;30
585;TRUE;;;10
586;;;;15
587;;;;12
588;TRUE;;;12
589;TRUE;;;18
590;;;;40
591;TRUE;;;15
592;;;;18
593;TRUE;;;10
594;TRUE;;;12
595;;;;132000
596;;;;18000
597;;;;24000
598;;;;30000
599;;;;72000
600;;;;30000
601;;;;30000
602;;;;18000
603;;;;40150
604;;;;180100
605;;;;24000
606;;;;53950
607;;;;120000
608;;;;23860
609;;;;120000
610;;;;80000
611;;;;57850
612;;;;87210
613;;;;9830
614;;;;40600
615;;;;48650
616;TRUE;;;45
617;TRUE;;;150
618;;;;21500
619;;;;15
620;;;;22750
621;TRUE;;;250
622;TRUE;;;15
623;;;;50
624;TRUE;;;30
625;TRUE;;;35
626;TRUE;;;55
627;;;;80
628;TRUE;;;85
629;TRUE;;;18
630;TRUE;;;30
631;TRUE;;;51
632;TRUE;;;80
633;TRUE;;;60
634;;;;
635;TRUE;;;50
636;TRUE;;;30
637;TRUE;;;50
638;TRUE;;;40
639;TRUE;;;150
640;TRUE;;13;35
641;TRUE;;;450
642;TRUE;;;120
643;TRUE;;12;50
644;TRUE;;;500
645;TRUE;;;50
646;;;;60000
647;TRUE;;;120
648;TRUE;;16;40
649;TRUE;;;40
650;TRUE;;6;40
651;;;;260000
652;;;;593160
653;TRUE;;6;40
654;;;;56120
655;;;;145000
656;;;;
657;;;;12000
658;;;;25000
659;;;;60000
660;;;;40000
661;;;;30000
662;;;;150000
663;;;;20000
664;;;;30000
665;;;;25000
666;;;;35000
667;;;;30000
668;;;;40000
669;;;;20000
670;;;;20000
671;;;;40000
672;;;;20000
673;;;;25000
674;;;;40000
675;;;;50000
676;;;;45000
677;;;;65000
678;;;;50000
679;;;;50000
680;;;;
681;;;;10000
682;;;;40000
683;;;;50000
684;;;;60000
685;;;;30000
686;;;;30000
687;;;;65000
688;;;;30000
689;;;;65000
690;;;;40000
691;;;;25000
692;;;;30000
693;;;;
694;;;;5000
695;;;;21000
696;;;;35000
697;;;;32720
698;;;;82440
699;;;;20000
700;;;;30000
701;;;;78000
702;;;;75000
703;;;;30000
704;;;;
705;;;;15000
706;;;;
707;;;;20000
708;;;;5000
709;;;;337600
710;;;;
711;;;;
712;;;;
713;;;;3000
714;;;;
715;;;;
716;;;;
717;;;;
718;;;;
719;;;;
720;;;;16000
721;;;;
722;;;;
723;;;;
724;;;;316800
725;;;;61800
726;;;;
727;;;;94200
728;;;;565000
729;;;;
730;;;;61200
731;;;;38760
732;;;;
733;;;;
734;;;;65520
735;;;;65520
736;;;;140880
737;;;;222000
738;;;;688000
739;;;;375000
740;;;;792000
741;;;;188400
742;;;;350000
743;;;;704000
744;;;;6150
745;;;;3
746;;;;2.8
747;;;;2
748;;;;2.5
749;;;;2.7
750;TRUE;;;
751;TRUE;500;;
752;TRUE;;;
753;TRUE;;;
754;;;;
755;;;;
756;;;;
757;;;;
758;;;;
759;;;;
760;;;;
761;TRUE;80;;
762;;;;
763;;;;
764;;;;
765;;;;
766;;;;
767;TRUE;;;
768;;;;
769;;;;
770;;;;
771;;;;
772;TRUE;;60;35
773;TRUE;;;30
774;TRUE;;;35
775;;;;
776;;;;45
777;TRUE;;67;15
778;TRUE;;;50
779;TRUE;;18;50
780;;;;
781;;;;
782;TRUE;;48;40
783;;;;
784;TRUE;;;20
785;;;;
786;TRUE;;;12
787;TRUE;15;8;8640
788;TRUE;30;30;32.4
789;TRUE;7;6;1242
790;;;;1500
791;;;;
792;;;;10000
793;;;;
794;TRUE;;6;1400
795;;;;2000
796;;;;1620
797;;;;
798;;;;
799;;;;10000 
800;;;;14.400
801;;;;32.400 
802;;;;12000 
803;;;;1500
804;;;;1350
805;;;;6000 
806;;;;13500
807;;;;16.200 
808;;;;1400
809;;;;9720
810;;;;14000
811;;;;18.723 
812;;;;7000 
813;;;;18.342 
814;;;;7.128 
815;;;;14.256
816;;;;20000 
817;;;;9000
818;;;;19.440 
819;;;;9.000
820;;;;14.400 
821;;;;12.234 
822;;;;10.000
823;;;;10.000
824;;;;12.500
825;;;;9132
826;;;;8.000
827;;;;8712
828;;;;11.450
829;;;;
830;;;;9234
831;;;;10.000
832;;;;8345
833;;;;
834;;;;11.234
835;;;;11.345
836;;;;10.000
837;;;;11.343
838;;;;10.454 
839;;;;12.000
840;;;;9.000
841;;;;12.000
842;;;;10.000
843;;;;16.000
844;;;;15.000
845;;;;14.000
846;;;;11.000
847;;;;12.000
848;;;;11.000
849;;;;11.000
850;;;;11.000 
851;;;;8.000
852;;;;16.000 
853;;;;11.500
854;;;;13.000 
855;;;;7.000
856;;;;11.000
857;;;;11.000
858;;;;10.000
859;;;;12.000 
860;;;;14.000 
861;;;;12.500
862;;;;14.999 
863;;;;14.000
864;;;;16.500 
865;;;;14.000
866;;;;15.000
867;;;;11.000
868;;;;12.000 
869;;;;125520
870;;;;61200
871;;;;36000
872;;;;24000
873;;;;141120
874;;;;55800
875;;;;19800
876;;;;138780
877;;;;61300
878;;;;24000
879;;;;30275
880;;;;
881;;;;24000
882;;;;99360
883;;;;45000
884;;;;20000
885;;;;
886;;;;23925
887;;;;99360
888;;;;40000
889;;;;2.5
890;;;;3
891;;;;3
892;;;;3
893;TRUE;;;2.4
894;TRUE;;;2.5
895;;;;4
896;;;;4
897;;;;2.5
898;;;;2.5
899;TRUE;;;2.5
900;;;;2.3
901;;;;2.5
902;TRUE;;;1.5
903;;;;2.5
904;;;;3
905;;;;2.6
906;;;;2
907;;;;2.8
908;;;;2.7
909;FALSE;;;2.5
910;;;;3
911;;;;1.8
912;;;;2.5
913;;;;2.4
914;;;;2.5
915;;;;2
916;;;;30000
917;;;;6600
918;;;;11600
919;;;;60000
920;;;;50400
921;;;;15000
922;;;;12000
923;;;;1900
924;;;;15000
925;;;;22800
926;;;;15000
927;;;;17000
928;;;;90000
929;;;;20800
930;;;;25640
931;;;;41800
932;;;;15000
933;;;;54000
934;;;;1726
935;;;;15000
936;;;;10000
937;;;;17000
938;;;;68800
939;;;;80000
940;;;;60000
941;;;;40000
942;;;;36000
943;;;;120000
944;;;;50000
945;;;;20000
946;;;;1440000
947;;;;30000
948;;;;60000
949;;;;70000
950;;;;80000
951;;;;80000
952;;;;50000
953;;;;80000
954;;;;
955;;;;24000
956;;;;30000
957;;;;60000
958;;;;93600
959;;;;500000
960;;;;
961;;;;45000
962;;;;130000
963;;;;35000
964;;;;42000
965;;;;110000
966;;;;40000
967;;;;50000
968;;;;35000
969;;;;30000
970;;;;28000
971;;;;35000
972;;;;20000
973;;;;35000
974;;;;25000
975;;;;20000
976;;;;
977;;;;20000
978;;;;
979;;;;40000
980;;;;100000.00
981;;;;30000
982;;;;
983;;;;20000.00
984;;;;
985;;;;
986;;;;
987;;;;30000
988;;;;45000
989;;;;50
990;;;;30000
991;;;;
992;;;;25000
993;;;;38000
994;;;;38000
995;;;;15000
996;;;;15000
997;;;;20000
998;;;;40000
999;;;;40000
1000;;;;40000
1001;;;;40000
1002;;;;25000
1003;;;;45000
1004;;;;45000
1005;;;;30000
1006;;;;30000
1007;;;;30000
1008;;;;28000
1009;;;;45000
1010;;;;45000
1011;;;;28000
1012;;;;40000
1013;;;;20000
1014;;;;35000
1015;;;;50000
1016;;;;35000
1017;;;;50000
1018;;;;45000
1019;;;;45000
1020;;;;25000
1021;;;;25000
1022;;;;25000
1023;;;;25000
1024;;;;25000
1025;;;;30000
1026;;;;23760
1027;;;;35000
1028;;;;30000
1029;;;;30000
1030;;;;100000
1031;;;;100000
1032;;;;100000
1033;;;;40000
1034;;;;30000
1035;;;;30000
1036;;;;30000
1037;;;;30000
1038;;;;35000
1039;;;;45000
1040;;;;45000
1041;;;;45000
1042;;;;35000
1043;;;;60000
1044;;;;18
1045;;;;20
1046;;;;26
1047;;;;22
1048;;;;12
1049;;;;18
1050;;;;18
1051;;;;10
1052;;;;25
1053;;;;18
1054;;;;21
1055;;;;26
1056;;;;10
1057;;;;22
1058;;;;15
1059;;;;6000
1060;;;;6000
1061;;;;6000
1062;;;;30000
1063;;;;4000
1064;;;;5000
1065;;;;
1066;;;;
1067;;;;3000
1068;;;;3500
1069;;;;3000
1070;;;;3200.00
1071;;;;3200.00
1072;;;;2000.00
1073;;;;2000.00
1074;;;;
1075;;;;2
1076;;;;12800.00
1077;;;;96000.00
1078;;;;96000.00
1079;;;;66000.00
1080;;;;8000.00
1081;;;;96000.00
1082;;;;48000.00
1083;;;;54000
1084;;;;2000.00
1085;;;;72000
1086;;;;3600
1087;;;;
1088;;;;
1089;;;;2500
1090;;;;2600
1091;;;;3000
1092;;;;9000
1093;;;;
1094;;;;5
1095;;;;6.5
1096;;;;7000
1097;;;;5.5
1098;;;;4500
1099;;;;6000
1100;;;;3500
1101;;;;5000
1102;;;;25200
1103;;;;120000
1104;;;;120000
1105;;;;120000
1106;;;;18000
1107;;;;26400
1108;;;;26400
1109;;;;2
1110;;;;30000
1111;;;;3
1112;;;;3
1113;;;;42000
1114;;;;60000
1115;;;;60000
1116;;;;6.5
1117;;;;6.5
1118;;;;6.5
1119;;;;
1120;;;;48000.00
1121;;;;3500
1122;;;;3500
1123;;;;3200
1124;;;;5.6
1125;;;;3500
1126;;;;3.8
1127;;;;5.6
1128;;;;
1129;;;;4000
1130;;;;2500
1131;;;;
1132;;;;2000
1133;;;;5000
1134;;;;3860
1135;;;;2000
1136;;;;2000
1137;;;;2000
1138;;;;2000
1139;;;;2000
1140;;;;2000
1141;;;;2000
1142;;;;5000
1143;;;;4500
1144;;;;4.3
1145;;;;3.5
1146;;;;6
1147;;;;20000
1148;;;;20000
1149;;;;100000
1150;;;;3200
1151;;;;3200
1152;;;;2300
1153;;;;3200
1154;;;;6000
1155;;;;30000
1156;;;;2800
1157;;;;3000
1158;;;;3000
1159;;;;3000
1160;;;;3200
1161;;;;8400
1162;;;;2800
1163;;;;4000
1164;;;;9600
1165;;;;6400
1166;;;;40000
1167;;;;40000
1168;;;;6000
1169;;;;18000
1170;;;;50000
1171;;;;40000
1172;;;;7500
1173;;;;40000
1174;;;;40000
1175;;;;1600
1176;;;;40000
1177;;;;1800
1178;;;;3600
1179;;;;40000
1180;;;;40000
1181;;;;
1182;;;;1600
1183;;;;2250
1184;;;;2000
1185;;;;2520
1186;;;;3833
1187;;;;2016
1188;;;;2500
1189;;;;2500
1190;;;;1500
1191;;;;1200
1192;;;;1250
1193;;;;1200
1194;;;;3360
1195;;;;1200
1196;;;;2640
1197;;;;2500
1198;;;;1500
1199;;;;4000
1200;;;;2500
1201;;;;1250
1202;;;;4000
1203;;;;4000
1204;;;;1360
1205;;;;5825
1206;;;;2300
1207;;;;4166
1208;;;;2358
1209;;;;1980
1210;;;;8000
1211;;;;8000
1212;;;;6000
1213;;;;4000
1214;;;;5400
1215;;;;5000
1216;;;;8136
1217;;;;4500
1218;TRUE;;;8000
1219;;;;7000
1220;;;;4000
1221;;;;5000
1222;;;;8000
1223;;;;6000
1224;;;;7000
1225;;;;6000
1226;;;;6000
1227;;;;6000
1228;;;;10000
1229;;;;8000
1230;;;;8000
1231;;;;9000
1232;;;;10000
1233;;;;8000
1234;;;;9000
1235;TRUE;;;5000
1236;;;;8000
1237;;;;2000
1238;;;;1500
1239;;;;1500
1240;FALSE;;;1300
1241;;;;1300
1242;TRUE;;;1500
1243;;;;1500
1244;;;;2000
1245;;;;2500
1246;;;;1500
1247;FALSE;;;1500
1248;;;;1300
1249;;;;1500
1250;TRUE;;;4000
1251;FALSE;;;10000
1252;;;;2000
1253;;;;1500
1254;;;;1500
1255;FALSE;;;22000
1256;;;;3000
1257;;;;1500
1258;;;;1500
1259;;;;1800
1260;FALSE;;;5000
1261;TRUE;;;2500.00
1262;;;;11000.00
1263;TRUE;;;6000
1264;FALSE;;;5000.00
1265;;;;20000.00
1266;TRUE;;;500.00
1267;FALSE;;;8000.00
1268;FALSE;;;10000.00
1269;TRUE;;;3000
1270;FALSE;;;8000.00
1271;FALSE;;;12000.00
1272;FALSE;;;6000.00
1273;FALSE;;;7000.00
1274;FALSE;;;5000.00
1275;FALSE;;;10000.00
1276;FALSE;;;10000.00
1277;;;;1500
1278;;;;2000
1279;;;;1700
1280;;;;1500
1281;;;;1500
1282;;;;1500
1283;;;;1500
1284;;;;2300
1285;;;;2000
1286;;;;1700
1287;;;;1500
1288;;;;25000
1289;;;;18000
1290;;;;32000
1291;;;;35000
1292;;;;32000
1293;;;;27360
1294;;;;15000
1295;;;;20000
1296;;;;33000
1297;;;;37620
1298;;;;27360
1299;;;;37000
1300;;;;47520
1301;;;;27360
1302;;;;15000
1303;;;;37620
1304;TRUE;;;2000
1305;FALSE;;;
1306;;;;3000
1307;FALSE;;;2500.00
1308;FALSE;;;2500.00
1309;FALSE;;;2000.00
1310;;;;4000.00
1311;FALSE;;;20000.00
1312;TRUE;;;5000.00
1313;FALSE;;;2000.00
1314;FALSE;;;2000.00
1315;FALSE;;;2000.00
1316;FALSE;;;4000.00
1317;FALSE;;;3500.00
1318;FALSE;;;2500.00
1319;FALSE;;;2500.00
1320;FALSE;;;2500.00
1321;FALSE;;;1500.00
1322;FALSE;;;5000.00
1323;FALSE;;;2000.00
1324;FALSE;;;2500.00
1325;FALSE;;;3500.00
1326;FALSE;;;2500.00
1327;FALSE;;;2000.00
1328;FALSE;;;2000.00
1329;FALSE;;;2500.00
1330;FALSE;;;5000.00
1331;FALSE;;;3000.00
1332;FALSE;;;2000.00
1333;FALSE;;;4000.00
1334;;;;4000.00
1335;FALSE;;;15000.00
1336;FALSE;;;5000.00
1337;FALSE;;;2500.00
1338;FALSE;;;1500.00
1339;FALSE;;;3500.00
1340;FALSE;;;3000.00
1341;FALSE;;;2000.00
1342;FALSE;;;3500.00
1343;FALSE;;;1700.00
1344;TRUE;;;1500.00
1345;TRUE;;;4000.00
1346;FALSE;;;5000.00
1347;FALSE;;;22000.00
1348;FALSE;;;4000.00
1349;;;;
1350;FALSE;;;5000.00
1351;;;;
1352;FALSE;;;8000.00
1353;;;;3000.00
1354;;;;
1355;;;;
1356;;;;
1357;;;;
1358;;;;
1359;;;;
1360;;;;
1361;;;;
1362;;;;
1363;;;;
1364;;;;
1365;;;;
1366;;;;
1367;;;;
1368;;;;
1369;;;;
1370;;;;
1371;;;6;1000.00
1372;;;;
1373;;;;
1374;;;;
1375;;;5;1000.00
1376;;;6;1300.00
1377;;;6;800.00
1378;;;6;1300.00
1379;;;6;1300.00
1380;;;6;800.00
1381;;;;
1382;;;;
1383;;;;
1384;;;;
1385;;;;
1386;;;7;1000.00
1387;;;;1000.00
1388;;;;1000.00
1389;;;;
1390;;;;
1391;;;;1000.00
1392;;;;
1393;;;;
1394;;;;
1395;;;;
1396;;;;1000.00
1397;;;;
1398;;;;1000.00
1399;;;;
1400;;;;
1401;;;;
1402;;;;
1403;;;;
1404;;;;
1405;;;;
1406;;;;1000.00
1407;;;7;1000.00
1408;;;;
1409;;;6;800.00
1410;;;;6900.00
1411;;;;10000.00
1412;;;;2131.00
1413;;;;2112.00
1414;;;;3600.00
1415;;;;2500.00
1416;;;;6900.00
1417;;;;633.00
1418;;;;25000.00
1419;;;;7500.00
1420;;;;10700.00
1421;;;;1650.00
1422;;;;1400.00
1423;;;;172000.00
1424;;;;3000.00
1425;;;;2350.00
1426;;;;17500.00
1427;;;;3500.00
1428;;;;75000.00
1429;;;;10000.00
1430;;;;20000.00
1431;;;;4500.00
1432;;;;3000.00
1433;;;;1000.00
1434;;;;2000.00
1435;;;;3000.00
1436;;;;3500.00
1437;;;;3000.00
1438;;;;3000.00
1439;;;;2300.00
1440;;;;2200.00
1441;;;;3500.00
1442;;;;3500.00
1443;;;;2000.00
1444;;;;4800.00
1445;;;;4000.00
1446;;;;2500.00
1447;;;;2500.00
1448;;;;2800.00
1449;;;;4500.00
1450;;;;2000.00
1451;;;;4500.00
1452;;;;4000.00
1453;;;;3500.00
1454;;;;4000.00
1455;;;;3000.00
1456;;;;4000.00
1457;;;;2500.00
1458;;;;25000.00
1459;;;;2000.00
1460;;;;17000.00
1461;;;;3000.00
1462;;;;2000.00
1463;;;;2500.00
1464;;;;6000.00
1465;;;;13000.00
1466;;;;5000.00
1467;;;;4000.00
1468;;;;30000.00
1469;;;;30000.00
1470;;;;2000.00
1471;;;;20000.00
1472;;;;6300.00
1473;;;;9000.00
1474;;;;4500.00
1475;;;;8000.00
1476;;;;5200.00
1477;;;;7000.00
1478;;;;6000.00
1479;;;;2000.00
1480;;;;1500.00
1481;;;;5500.00
1482;;;;40000.00
1483;;;;200000.00
1484;;;;4000.00
1485;;;;4500.00
1486;;;;4000.00
1487;;;;1200.00
1488;;;;12000.00
1489;;;;20000.00
1490;;;;300000.00
1491;;;;200000.00
1492;;;;200000.00
1493;;;;26000.00
1494;;;;10000.00
1495;;;;50000.00
1496;;;;200000.00
1497;;;;4000.00
1498;;;;73000.00
1499;;;;70000.00
1500;;;;42000.00
1501;;;;20000.00
1502;;;;42000.00
1503;;;;52000.00
1504;;;;20000.00
1505;;;;52000.00
1506;;;;83000.00
1507;;;;50800.00
1508;;;;76480.00
1509;;;;30000.00
1510;;;;14000.00
1511;;;;114600.00
1512;;;;23000.00
1513;;;;113400.00
1514;;;;68000.00
1515;;;;20000.00
1516;;;;8000.00
1517;;;;12000.00
1518;;;;12000.00
1519;;;;5000.00
1520;;;;40000.00
1521;;;;50000.00
1522;;;;38000.00
1523;;;;50000.00
1524;;;;5000.00
1525;;;;12000.00
1526;;;;4000.00
1527;;;;80000.00
1528;;;;17000.00
1529;;;;16000.00
1530;;;;25000.00
1531;;;;51000.00
1532;;;;75800.00
1533;;;;20000.00
1534;;;;3000.00
1535;;;;1011600.00
1536;;;;13250.00
1537;;;;5000.00
1538;;;;40000.00
1539;;;;4366.00
1540;;;;6700.00
1541;;;;10000.00
1542;;;;4600.00
1543;;;;7100.00
1544;;;;4800.00
1545;;;;13000.00
1546;;;;6133.00
1547;;;;18000.00
1548;;;;11000.00
1549;;;;58000.00
1550;;;;47000.00
1551;;;;30000.00
1552;;;;42000.00
1553;;;;8600.00
1554;;;;7000.00
1555;;;;8600.00
1556;;;;4300.00
1557;;;;4000.00
1558;;;;5000.00
1559;;;;8000.00
1560;;;;5000.00
1561;;;;10400.00
1562;;;;10000.00
1563;;;;5200.00
1564;;;;6320.00
1565;;;;9000.00
1566;;;;8500.00
1567;;;;12000.00
1568;;;;6200.00
1569;;;;25000.00
1570;;;;5700.00
1571;;;;6400.00
1572;;;;5000.00
1573;;;;8000.00
1574;;;;5200.00
1575;;;;6200.00
1576;;;;3750.00
1577;;;;6800.00
1578;;;;6000.00
1579;;;;9800.00
1580;;;;4300.00
1581;;;;6800.00
1582;;;;39000.00
1583;;;;5600.00
1584;;;;6200.00
1585;;;;4700.00
1586;;;;16000.00
1587;;;;10000.00
1588;;;;6400.00
1589;;;;10000.00
1590;;;;6000.00
1591;;;;
1592;;;;12000.00
1593;;;;8600.00
1594;;;;8000.00
1595;;;;12000.00
1596;;;;4000.00
1597;;;;6000.00
1598;;;;5000.00
1599;;;;4000.00
1600;;;;7000.00
1601;;;;7000.00
1602;;;;9700.00
1603;;;;4500.00
1604;;;;5000.00
1605;;;;4800.00
1606;;;;5000.00
1607;;;;5500.00
1608;;;;4600.00
1609;;;;6700.00
1610;;;;4000.00
1611;;;;5560.00
1612;;;;4600.00
1613;;;;7000.00
1614;FALSE;;;7000.00
1615;FALSE;;;17000.00
1616;FALSE;;;10000.00
1617;FALSE;;;3000.00
1618;FALSE;;;4000.00
1619;FALSE;;;7000.00
1620;FALSE;;;5000.00
1621;TRUE;;;5000.00
1622;FALSE;;;7000.00
1623;TRUE;;;3000.00
1624;FALSE;;;22000.00
1625;TRUE;;;4000.00
1626;FALSE;;;12000.00
1627;TRUE;;;5000.00
1628;;;;6000.00
1629;TRUE;;;20000.00
1630;TRUE;;;12000.00
1631;FALSE;;;11500.00
1632;TRUE;;;12000.00
1633;TRUE;;;5000
1634;TRUE;;;6000
1635;TRUE;;;6000
1636;TRUE;;;4500
1637;;;;3500
1638;TRUE;;;
1639;TRUE;;;5500
1640;TRUE;;;
1641;;;;5000
1642;;;;4000
1643;TRUE;;;
1644;;;;
1645;TRUE;;;
1646;TRUE;;;
1647;TRUE;;;
1648;TRUE;;;7000
1649;TRUE;;;2500
1650;;;;
1651;;;;
1652;TRUE;;;
1653;;;;
1654;;;;
1655;;;;
1656;TRUE;;;
1657;;;;
1658;;;;
1659;;;;
1660;;;;
1661;;;;
1662;;;;
1663;TRUE;;;
1664;;;;
1665;;;;
1666;;;;
1667;;;;
1668;;;;
1669;;;;
1670;;;;
1671;;;;
1672;;;;
1673;;;;
1674;;;;
1675;;;;
1676;;;;
1677;;;;
1678;;;;
1679;;;;
1680;;;;
1681;;;;
1682;;;;
1683;;;;
1684;;;;
1685;;;;
1686;;;;150000.00
1687;;;;75000.00
1688;;;;150000.00
1689;;;;75000.00
1690;;;;26250.00
1691;;;;75000.00
1692;;;;75000.00
1693;;;;75000.00
1694;;;;52500.00
1695;;;;26250.00
1696;;;;75000.00
1697;;;;75000.00
1698;;;;75000.00
1699;;;;52500.00
1700;;;;26250.00
1701;;;;75000.00
1702;;;;75000.00
1703;;;;26250.00
1704;;;;26250.00
1705;;;;75000.00
1706;;;;26250.00
1707;;;;7500.00
1708;;;;26250.00
1709;;;;75000.00
1710;;;;26250.00
1711;;;;26250.00
1712;;;;75000.00
1713;;;;75000.00
1714;;;;75000.00
1715;;;;26250.00
1716;;;;75000.00
1717;;;;75000.00
1718;;;;75000.00
1719;;;;26250.00
1720;;;;150000.00
1721;;;;150000.00
1722;;;;75000.00
1723;;;;75000.00
1724;;;;150000.00
1725;;;;75000.00
1726;;;;75000.00
1727;;;;150000.00
1728;;;;75000.00
1729;;;;150000.00
1730;;;;75000.00
1731;;;;22916.20
1732;;;;150000.00
1733;;;;75000.00
1734;;;;75000.00
1735;;;;75000.00
1736;;;;150000.00
1737;;;;150000.00
1738;;;;75000.00
1739;;;;75000.00
1740;;;;45322.50
1741;;;;154900.00
1742;;;;25500000.00
1743;;;;150000.00
1744;;;;62400.00
1745;;;;
1746;;;;
1747;;;;75000.00
1748;;;;22916.20
1749;;;;
1750;;;;150000.00
1751;;;;19500000.00
1752;;;;150000.00
1753;;;;150000.00
1754;;;;15200.00
1755;;;;150000.00
1756;;;;300000.00
1757;;;;150000.00
1758;;;;150000.00
1759;;;;150000.00
1760;;;;14950.00
1761;;;;28500.00
1762;;;;15000.00
1763;;;;27040.00
1764;;;;12800.00
1765;;;;19000.00
1766;;;;11110.00
1767;;;;9300.00
1768;;;;28500.00
1769;;;;14414.90
1770;;;;19000.00
1771;;;;18200.00
1772;;;;9454.40
1773;;;;20874.00
1774;;;;28875.00
1775;;;;26289.00
1776;;;;19000.00
1777;;;;19000.00
1778;;;;27705.00
1779;;;;9630.00
1780;;;;8300.00
1781;;;;24000.00
1782;;;;13139.00
1783;;;;9750.00
1784;;;;5970.00
1785;;;;16989.00
1786;;;;23800.00
1787;;;;63080.00
1788;;;;8300.00
1789;;;;4800.00
1790;;;;
1791;;;;
1792;;;;13139.00
1793;;;;8758.00
1794;;;;
1795;;;;7600.00
1796;;;;11400.00
1797;;;;
1798;;;;8758.00
1799;;;;5600.00
1800;;;;
1801;;;;
1802;;;;
1803;;;;13230.00
1804;;;;15010.00
1805;;;;66000.00
1806;;;;12500.00
1807;;;;17629.00
1808;;;;3300.00
1809;;;;12350.00
1810;;;;8550.00
1811;;;;10500.00
1812;;;;12500.00
1813;;;;3420.00
1814;;;;12500.00
1815;;;;14250.00
1816;;;;6489.00
1817;;;;
1818;;;;12500.00
1819;;;;6600.00
1820;;;;16150.00
1821;;;;5970.00
1822;;;;4950.00
1823;;;;
1824;;;;7290.00
1825;;;;12500.00
1826;;;;5970.00
1827;;;;15010.00
1828;;;;12500.00
1829;;;;13230.00
1830;;;;
1831;;;;13230.00
1832;;;;13230.00
1833;;;;6489.00
1834;;;;5250.00
1835;;;;8955.00
1836;;;;11550.00
1837;;;;5970.00
1838;;;;12090.00
1839;;;;17628.20
1840;;;;30000.00
1841;;;;6489.00
1842;;;;8955.00
1843;;;;
1844;;;;18630.00
1845;;;;6809.40
1846;;;;22195.00
1847;;;;4500.00
1848;;;;20900.00
1849;;;;13230.00
1850;;;;36800.00
1851;;;;7410.00
1852;;;;20332.00
1853;;;;
1854;;;;35523.00
1855;;;;15580.00
1856;;;;17516.20
1857;;;;
1858;;;;15218.10
1859;;;;
1860;;;;24284.70
1861;;;;9657.00
1862;;;;13992.00
1863;;;;13680.00
1864;;;;12918.00
1865;;;;6840.00
1866;;;;49208.50
1867;;;;16750.00
1868;;;;41479.30
1869;;;;43650.00
1870;;;;58464.00
1871;;;;12000.00
1872;;;;11466.00
1873;;;;
1874;;;;65400.00
1875;;;;37831.80
1876;;;;
1877;;;;52050.00
1878;;;;18710.00
1879;;;;
1880;;;;22916.20
1881;;;;57000.00
1882;;;;45322.50
1883;;;;47910.00
1884;;;;29445.00
1885;;;;47100.00
1886;;;;23700.00
1887;;;;62400.00
1888;;;;
1889;;;;63150.00
1890;;;;150000.00
1891;;;;150000.00
1892;;;;150000.00
1893;;;;75000.00
1894;;;;75000.00
1895;;;;75000.00
1896;;;;150000.00
1897;;;;150000.00
1898;;;;150000.00
1899;;;;75000.00
1900;;;;150000.00
1901;;;;150000.00
1902;;;;75000.00
1903;;;;100000.00
1904;;;;100000.00
1905;;;;75000.00
1906;;;;100000.00
1907;;;;75000.00
1908;;;;100000.00
1909;;;;100000.00
1910;;;;150000.00
1911;;;;100000.00
1912;;;;
1913;;;;100000.00
1914;;;;150000.00
1915;;;;
1916;;;;
1917;;;;75000.00
1918;;;;100000.00
1919;;;;75000.00
1920;;;;
1921;;;;150000.00
1922;;;;
1923;;;;
1924;;;;500000.00
1925;;;;960000.00
1926;;;;800000.00
1927;;;;360000.00
1928;;;;
1929;;;;
1930;;;;800000.00
1931;;;;720000.00
1932;;;;150000.00
1933;;;;150000.00
1934;;;;720000.00
1935;;;;300000.00
1936;;;;200000.00
1937;;;;15000.00
1938;;;;150000.00
1939;;;;360000.00
1940;;;;75000.00
1941;;;;75000.00
1942;;;;75000.00
1943;;;;75000.00
1944;;;;75000.00
1945;;;;75000.00
1946;;;;
1947;;;;75000.00
1948;;;;75000.00
1949;;;;75000.00
1950;;;;75000.00
1951;;;;75000.00
1952;;;;75000.00
1953;;;;75000.00
1954;;;;150000.00
1955;;;;26250.00
1956;;;;150000.00
1957;;;;75000.00
1958;;;;150000.00
1959;;;;150000.00
1960;;;;150000.00
1961;;;;150000.00
1962;;;;75000.00
1963;;;;80000.00
1964;;;;26250.00
1965;;;;150000.00
1966;;;;26250.00
1967;;;;26250.00
1968;;;;26250.00
1969;;;;150000.00
1970;;;;26250.00
1971;;;;26250.00
1972;;;;26250.00
1973;;;;75000.00
1974;;;;26250.00
1975;;;;52500.00
1976;;;;75000.00
1977;;;;120000.00
1978;;;;75000.00
1979;;;;75000.00
1980;;;;75000.00
1981;;36;;52500.00
1982;;;;12000.00
1983;;;;75000.00
1984;;;;75000.00
1985;;;;52500.00
1986;;;;52500.00
1987;;;;130000.00
1988;;;;75000.00
1989;;;;75000.00
1990;;;;75000.00
1991;;;;75000.00
1992;;;;75000.00
1993;;;;75000.00
1994;;;;75000.00
1995;;;;75000.00
1996;;;;75000.00
1997;;;;150000.00
1998;;;;75000.00
1999;;;;75000.00
2000;;;;150000.00
2001;;;;75000.00
2002;;;;150000.00
2003;;;;75000.00
2004;;;;75000.00
2005;;;;75000.00
2006;;;;150000.00
2007;;;;150000.00
2008;;;;75000.00
2009;;;;150000.00
2010;;;;150000.00
2011;;;;150000.00
2012;;;;75000.00
2013;;;;75000.00
2014;;;;75000.00
2015;;;;75000.00
2016;;;;75000.00
2017;;;;75000.00
2018;;;;75000.00
2019;;;;75000.00
2020;;;;75000.00
2021;;;;75000.00
2022;TRUE;;;8000.00
2023;;;;
2024;TRUE;;;5000.00
2025;;;;5000.00
2026;;;;6000.00
2027;;;;
2028;;;;
2029;;;;
2030;TRUE;;;5000.00
2031;;;;
2032;;;;8000.00
2033;;;;2500.00
2034;TRUE;;;5000.00
2035;;;;3000.00
2036;TRUE;;;5000.00
2037;;;;3000.00
2038;;;;
2039;;;;
2040;;;;
2041;;;;7000.00
2042;;;;4000.00
2043;;;;
2044;;;;
2045;;;;
2046;;;;
2047;;;;
2048;;;;
2049;;;;
2050;;;;
2051;;;;
2052;;;;
2053;;;;
2054;;;;4000.00
2055;;;;3500.00
2056;;;;4000.00
2057;;;;
2058;;;;
2059;;;;
2060;;;;
2061;;;;
2062;;;;
2063;;;;
2064;;;;
2065;;;;
2066;;;;
2067;;;;
2068;;;;
2069;;;;
2070;;;;
2071;;;;
2072;;;;4000.00
2073;;;;
2074;;;;
2075;;;;
2076;;;;
2077;;;;
2078;;;;
2079;;;;4000.00
2080;;;;
2081;;;;
2082;;;;
2083;;;;
2084;;;;
2085;;;;
2086;;;;3000.00
2087;;;;
2088;;;;600000.00
2089;;;;50000.00
2090;;;;115700.00
2091;;;;40000.00
2092;;;;24000.00
2093;;;;288000.00
2094;;;;24000.00
2095;;;;488000.00
2096;;;;19200.00
2097;;;;96000.00
2098;;;;21000.00
2099;FALSE;;;22000.00
2100;;;;10500.00
2101;;;;40000.00
2102;;;;50000.00
2103;;;;40000.00
2104;;;;96000.00
2105;;;;386660.00
2106;;;;39440.00
2107;;;;39440.00
2108;;;;6000.00
2109;;;;
2110;;;;39440.00
2111;;;;384000.00
2112;;;;24000.00
2113;;;;288000.00
2114;;;;24000.00
2115;;;;39440.00
2116;;;;10000.00
2117;;;;39440.00
2118;;;;39440.00
2119;;;;80000.00
2120;;;;70400.00
2121;;;;40000.00
2122;;;;29580.00
2123;;;;39440.00
2124;;;;40000.00
2125;;;;39440.00
2126;;;;40000.00
2127;;;;75000.00
2128;;;;10000.00
2129;;;;31000.00
2130;;;;24000.00
2131;;;;18000.00
2132;;;;336000.00
2133;;;;24000.00
2134;;;;18000.00
2135;;;;1400000.00
2136;;;;29580.00
2137;;;;115000.00
2138;;;;48000.00
2139;;;;18000.00
2140;;;;24000.00
2141;;;;55000.00
2142;;;;80000.00
2143;;;;24000.00
2144;;;;42000.00
2145;;;;40000.00
2146;;;;33000.00
2147;;;;40000.00
2148;;;;24000.00
2149;;;;105000.00
2150;;;;35000.00
2151;;;;150000.00
2152;;;;24000.00
2153;;;;31500.00
2154;;;;94000.00
2155;;;;18000.00
2156;;;;100000.00
2157;;;;24900.00
2158;;;;78800.00
2159;;;;192000.00
2160;;;;384000.00
2161;;;;384000.00
2162;;;;18000.00
2163;;;;12000.00
2164;;;;80000.00
2165;;;;24000.00
2166;;;;63000.00
2167;;;;260000.00
2168;;;;6000.00
2169;;;;31500.00
2170;;;;4500.00
2171;;;;144000.00
2172;;;;90360.00
2173;;;;
2174;;;;50000.00
2175;;;;249000.00
2176;;;;50000.00
2177;;;;75000.00
2178;;;;384000.00
2179;;;;148000.00
2180;;;;35000.00
2181;;;;93000.00
2182;;;;53000.00
2183;;;;32000.00
2184;;;;38000.00
2185;;;;198000.00
2186;;;;130000.00
2187;;;;12000.00
2188;;;;384000.00
2189;;;;384000.00
2190;;;;288000.00
2191;;;;42000.00
2192;;;;22000.00
2193;;;;80000.00
2194;;;;36000.00
2195;;;;40000.00
2196;;;;120000.00
2197;;;;40000.00
2198;;;;10000.00
2199;;;;21000.00
2200;;;;31500.00
2201;;;;250000.00
2202;;;;30000.00
2203;;;;40000.00
2204;;;;30000.00
2205;;;;40000.00
2206;;;;41000.00
2207;;;;200000.00
2208;;;;15000.00
2209;;;;40000.00
2210;;;;40000.00
2211;;;;40000.00
2212;;;;50000.00
2213;;;;20000.00
2214;;;;500000.00
2215;;;;55000.00
2216;;;;41000.00
2217;;;;300000.00
2218;;;;20000.00
2219;;;;20000.00
2220;;;;40000.00
2221;;;;22000.00
2222;;;;20000.00
2223;;;;200000.00
2224;;;;45000.00
2225;;;;20000.00
2226;;;;300000.00
2227;;;;42000.00
2228;;;;24000.00
2229;;;;31000.00
2230;;;;30000.00
2231;;;;35000.00
2232;;;;40000.00
2233;;;;20000.00
2234;;;;211000.00
2235;;;;9247500.00
2236;;;;240000.00
2237;;;;216000.00
2238;;;;
2239;;;;504000.00
2240;;;;384000.00
2241;;;;384000.00
2242;;;;102000.00
2243;;;;39440.00
2244;;;;192000.00
2245;;;;12000.00
2246;;;;42000.00
2247;;;;115720.00
2248;;;;108500.00
2249;;;;384000.00
2250;;;;200000.00
2251;;;;99000.00
2252;;;;157500.00
2253;;;;18000.00
2254;;;;24000.00
2255;;;;132000.00
2256;;;;202000.00
2257;;;;40000.00
2258;;;;42000.00
2259;;;;384000.00
2260;;;;
2261;;;;384000.00
2262;;;;24000.00
2263;;;;15000.00
2264;;;;176000.00
2265;;;;384000.00
2266;;;;20000.00
2267;;;;384000.00
2268;;;;144000.00
2269;;;;70000.00
2270;;;;192000.00
2271;;;;209500.00
2272;;;;384000.00
2273;;;;17500.00
2274;;;;384000.00
2275;;;;129860.00
2276;;;;38750.00
2277;;;;240000.00
2278;;;;26250.00
2279;;;;215000.00
2280;;;;26900.00
2281;;;;30090.00
2282;;;;39440.00
2283;;;;288000.00
2284;;;;39440.00
2285;;;;10920.00
2286;;;;150000.00
2287;;;;384000.00
2288;;;;176000.00
2289;;;;593200.00
2290;;;;42000.00
2291;;;;
2292;;;;39440.00
2293;;;;367060.00
2294;;;;262500.00
2295;;;;262500.00
2296;;;;288000.00
2297;;;;42000.00
2298;;;;105860.00
2299;;;;39440.00
2300;;;;39440.00
2301;;;;262500.00
2302;;;;19720.00
2303;;;;68250.00
2304;;;;262500.00
2305;;;;45602.00
2306;;;;384000.00
2307;;;;384000.00
2308;;;;6000.00
2309;;;;403720.00
2310;;;;35000.00
2311;;;;155000.00
2312;;;;24000.00
2313;;;;
2314;;;;119700.00
2315;;;;29580.00
2316;;;;39440.00
2317;;;;50580.00
2318;;;;102000.00
2319;;;;384000.00
2320;;;;50580.00
2321;;;;20300.00
2322;;;;42500.00
2323;;;;204000.00
2324;;;;38400.00
2325;;;;11250.00
2326;;;;200000.00
2327;;;;429000.00
2328;;;;39440.00
2329;;;;39440.00
2330;;;;50000.00
2331;;;;35000.00
2332;;;;252000.00
2333;;;;162000.00
2334;;;;200000.00
2335;;;;48000.00
2336;;;;384000.00
2337;;;;240000.00
2338;;;;384000.00
2339;;;;45650.00
2340;;;;35000.00
2341;;;;31500.00
2342;;;;11000.00
2343;;;;142400.00
2344;;;;29580.00
2345;;;;384000.00
2346;;;;25000.00
2347;;;;130000.00
2348;;;;40000.00
2349;;;;24000.00
2350;;;;136520.00
2351;;;;384000.00
2352;;;;288000.00
2353;;;;384000.00
2354;;;;40000.00
2355;;;;208000.00
2356;;;;384000.00
2357;;;;384000.00
2358;;;;400000.00
2359;;;;176000.00
2360;;;;288000.00
2361;;;;384000.00
2362;;;;768000.00
2363;;;;60000.00
2364;;;;24000.00
2365;;;;50000.00
2366;;;;298000.00
2367;;;;384000.00
2368;;;;18000.00
2369;;;;40000.00
2370;;;;147000.00
2371;;;;50000.00
2372;;;;25000.00
2373;;;;5000.00
2374;;;;4000.00
2375;;;;
2376;;;;10000.00
2377;;;;5000.00
2378;;;;
2379;;;;5000.00
2380;;;;3500.00
2381;;;;
2382;;;;
2383;;;;4000.00
2384;;;;
2385;;;;
2386;;;;
2387;;;;
2388;;;;
2389;;;;5000.00
2390;;;;6000.00
2391;;;;
2392;;;;5000.00
2393;;;;
2394;;;;
2395;;;;
2396;;;;7000.00
2397;;;;
2398;;;;
2399;FALSE;;;10000.00
2400;;;;7000.00
2401;;;;
2402;TRUE;;;7500.00
2403;;;;8000.00
2404;;;;
2405;FALSE;;;5000.00
2406;;;;
2407;;;;
2408;TRUE;;2;10000.00
2409;;;;10000.00
2410;;;;5000.00
2411;;;;7000.00
2412;;;;
2413;;;;12000.00
2414;;;;12000.00
2415;;;;10000.00
2416;TRUE;;;6000.00
2417;;;;1000.00
2418;;;;
2419;;;;4000.00
2420;;;;
2421;;;;5000.00
2422;;;;
2423;;;;
2424;;;;
2425;;;;5000.00
2426;;;;
2427;;;;5500.00
2428;;;;
2429;;;;7000.00
2430;;;;6000.00
2431;;;;
2432;;;;5000.00
2433;;;;4000.00
2434;;;;4500.00
2435;TRUE;;3;7000.00
2436;;;;6000.00
2437;;;;
2438;;;;
2439;;;;
2440;;;;
2441;;;;5000.00
2442;;;;5000.00
2443;;;;
2444;;;;6000.00
2445;;;;6500.00
2446;;;;5000.00
2447;;;;6000.00
2448;;;;6000.00
2449;;;;4500.00
2450;;;;6500.00
2451;TRUE;;;6000.00
2452;;;;
2453;;;;
2454;;;;6000.00
2455;;;;
2456;TRUE;;;6000.00
2457;;;;5000.00
2458;;;;
2459;TRUE;;;6000.00
2460;TRUE;;;6000.00
2461;TRUE;;;7500.00
2462;;;;5000.00
2463;;;;6000.00
2464;;;;
2465;;;;7000.00
2466;;;;3500.00
2467;;;;3500.00
2468;;;;3500.00
2469;;;;4000.00
2470;;;;4000.00
2471;;;;3500.00
2472;;;;3500.00
2473;;;;3500.00
2474;;;;3500.00
2475;;;;3500.00
2476;;;;3500.00
2477;;;;3500.00
2478;;;;4000.00
2479;;;;4000.00
2480;;;;4000.00
2481;;;;4000.00
2482;;;;3500.00
2483;;;;4000.00
2484;;;;
2485;;;;
2486;;;;
2487;;;;
2488;;;;
2489;;;;
2490;;;;
2491;;;;
2492;;;;
2493;;;;4000.00
2494;;;;
2495;;;;
2496;;;;
2497;;;;
2498;;;;
2499;;;;
2500;;;;
2501;;;;
2502;;;;
2503;;;;
2504;;;;
2505;;;;
2506;;;;
2507;;;;
2508;;;;
2509;;;;
2510;;;;
2511;;;;
2512;;;;
2513;;;;
2514;;;;
2515;;;;
2516;;;;
2517;;;;
2518;;;;
2519;;;;
2520;;;;
2521;;;;
2522;;;;
2523;;;;
2524;;;;
2525;;;;
2526;;;;
2527;;;;
2528;;;;
2529;;;;
2530;;;;
2531;;;;
2532;;;;
2533;;;;
2534;;;;
2535;;;;5000.00
2536;;;;4000.00
2537;;;;3500.00
2538;;;;4000.00
2539;;;;4500.00
2540;;;;
2541;;;;6000.00
2542;;;;4000.00
2543;;;;6000.00
2544;;;;3000.00
2545;;;;3000.00
2546;;;;5600.00
2547;;;;6000.00
2548;;;;4700.00
2549;;;;4000.00
2550;TRUE;;2;5000.00
2551;;;;6000.00
2552;;;;6500.00
2553;;;;6500.00
2554;;;;5000.00
2555;TRUE;;;5600.00
2556;TRUE;;;8000.00
2557;TRUE;;;6700.00
2558;;;;5000.00
2559;;;;5000.00
2560;TRUE;;;7400.00
2561;TRUE;;;6500.00
2562;;;;6800.00
2563;TRUE;;;7000.00
2564;;;;6500.00
2565;;;;
2566;TRUE;;;5600.00
2567;;;;
2568;;;;7000.00
2569;;;;3700.00
2570;;;;4600.00
2571;TRUE;;;7500.00
2572;;;;
2573;;;;7000.00
2574;;;;
2575;;;;
2576;;;;
2577;;;;
2578;;;;
2579;;;;
2580;;;;
2581;;;;
2582;;;;
2583;;;;
2584;;;;
2585;;;;
2586;;;;
2587;;;;
2588;;;;
2589;;;;
2590;;;;
2591;;;;
2592;;;;
2593;;;;
2594;;;;
2595;;;;
2596;;;;
2597;;;;
2598;;;;
2599;;;;4000.00
2600;;;;
2601;;;;
2602;;;;
2603;;;;
2604;;;;
2605;;;;
2606;;;;
2607;;;;4000.00
2608;;;;
2609;;;;
2610;;;;
2611;;;;
2612;;;;
2613;;;;
2614;;;;
2615;;;;
2616;;;;
2617;;;;
2618;;;;
2619;;;;
2620;;;;
2621;;;;
2622;;;;
2623;;;;
2624;;;;
2625;;;;
2626;;;;
2627;;;;
2628;;;;
2629;;;;
2630;;;;
2631;;;;
2632;;;;
2633;;;;
2634;;;;
2635;;;;
2636;;;;
2637;;;;
2638;;;;
2639;;;;
2640;;;;5000.00
2641;;;;
2642;;;;
2643;;;;
2644;;;;4500.00
2645;;;;
2646;;;;
2647;;;;
2648;;;;
2649;;;;6000.00
2650;;;;
2651;;;;
2652;;;;5000.00
2653;;;;
2654;;;;
2655;;;;6000.00
2656;;;;7000.00
2657;;;;
2658;;;;
2659;;;;
2660;;;;
2661;;;;4000.00
2662;;;;
2663;;;;
2664;;;;
2665;;;;4500.00
2666;;;;5000.00
2667;;;;
2668;;;;
2669;;;;
2670;;;;
2671;;;;
2672;;;;
2673;;;;
2674;;;;
2675;;;;
2676;;;;
2677;;;;
2678;;;;
2679;;;;
2680;;;;7500.00
2681;;;;
2682;;;;
2683;;;;8000.00
2684;;;;8000.00
2685;;;;
2686;;;;5000.00
2687;;;;10000.00
2688;;;;
2689;;;;
2690;;;;
2691;;;;
2692;;;;4500.00
2693;;;;
2694;;;;6000.00
2695;;;;5000.00
2696;;;;5000.00
2697;;;;
2698;;;;
2699;;;;
2700;;;;
2701;;;;8000.00
2702;;;;
2703;;;;
2704;TRUE;;;7000.00
2705;TRUE;;;6000.00
2706;;;;
2707;;;;
2708;;;;
2709;;;;
2710;;;;
2711;;;;
2712;;;;
2713;;;;
2714;;;;
2715;;;;
2716;;;;
2717;;;;
2718;;;;
2719;;;;610000.00
2720;;;;
2721;;;;
2722;;;;
2723;;;;5000000.00
2724;;;;
2725;;;;1500.00
2726;;;;
2727;;;;800000.00
2728;;;;2600.00
2729;;;;8000.00
2730;;;;1200.00
2731;;;;
2732;;;;
2733;;;;
2734;;;;
2735;;;;
2736;;;;1200.00
2737;;;;
2738;;;;
2739;;;;
2740;;;;
2741;;;;
2742;;;;
2743;;;;
2744;;;;
2745;;;;
2746;;;;
2747;;;;
2748;;;;
2749;;;;
2750;;;;
2751;;;;
2752;;;;
2753;;;;
2754;;;;
2755;;;;
2756;;;;
2757;;;;
2758;;;;
2759;;;;
2760;;;;
2761;;;;
2762;;;;
2763;;;;
2764;;;;
2765;;;;
2766;;;;
2767;;;;
2768;;;;
2769;;;;
2770;;;;
2771;;;;
2772;;;;
2773;;;;
2774;;;;
2775;;;;
2776;;;;
2777;;;;
2778;;;;
2779;;;;
2780;;;;
2781;;;;
2782;;;;
2783;;;;
2784;;;;
2785;;;;
2786;;;;
2787;;;;
2788;;;;
2789;;;;
2790;;;;
2791;;;;
2792;;;;
2793;;;;
2794;;;;
2795;;;;
2796;;;;
2797;;;;
2798;;;;
2799;;;;
2800;;;;
2801;;;;
2802;;;;
2803;;;;
2804;;;;
2805;;;;
2806;;;;
2807;;;;
2808;;;;
2809;;;;
2810;;;;
2811;;;;
2812;;;;
2813;;;;
2814;;;;
2815;;;;
2816;;;;
2817;;;;
2818;;;;
2819;;;;
2820;;;;
2821;;;;
2822;;;;
2823;;;;
2824;;;;
2825;;;;
2826;;;;
2827;;;;
2828;;;;
2829;;;;
2830;;;;
2831;;;;
2832;;;;
2833;;;;
2834;;;;
2835;;;;
2836;;;;
2837;;;;
2838;;;;
2839;;;;
2840;;;;
2841;;;;
2842;;;;
2843;;;;
2844;;;;
2845;;;;
2846;;;;
2847;;;;
2848;;;;
2849;;;;
2850;;;;
2851;;;;
2852;;;;
2853;;;;
2854;;;;
2855;;;;
2856;;;;
2857;;;;
2858;;;;
2859;;;;
2860;;;;
2861;;;;
2862;;;;
2863;;;;
2864;;;;
2865;;;;
2866;;;;
2867;;;;
2868;;;;
2869;;;;
2870;;;;
2871;;;;
2872;;;;
2873;;;;
2874;;;;
2875;TRUE;;;8600.00
2876;;;;
2877;;;;
2878;;;;
2879;;;;
2880;;;;
2881;;;;
2882;;;;5000.00
2883;;;;
2884;;;;4500.00
2885;;;;2800.00
2886;;;;3800.00
2887;;;;3300.00
2888;;;;2500.00
2889;;;;5300.00
2890;;;;4000.00
2891;;;;
2892;;;;
2893;;;;
2894;;;;25000.00
2895;;;;15000.00
2896;;;;30000.00
2897;;;;28000.00
2898;;;;20000.00
2899;;;;103000.00
2900;;;;57600.00
2901;;;;25000.00
2902;;;;25000.00
2903;;;;25000.00
2904;;;;25000.00
2905;;;;34200.00
2906;;;;27360.00
2907;;;;35000.00
2908;;;;35000.00
2909;;;;20000.00
2910;;;;20000.00
2911;;;;25000.00
