CAD;CORRESPONDENCIA;B0000;B0002;B0001;B0003;x0000;B100
1;1;;;;;;
2;2;;;;;;
3;3;;;;;;
4;4;;;;;;
5;5;;;;;;
6;6;;;;;;
7;7;;;;;;
8;8;;;;;;
9;9;;;;;;
10;10;;;;;;
11;11;;;;;;
12;12;;;;;;
13;13;;;;;;
14;14;;;;;;
15;15;;;;;;
16;16;;;;;;
17;17;;;;;;
18;18;;;;;;
19;19;;;;;;
20;20;;;;;;
21;21;;;;;;
22;22;;;;;;
23;23;;;;;;
24;24;;;;;;
25;25;;;;;;
26;26;;;;;;
27;27;;;;;;
28;28;;;;;;
29;29;;;;;;
30;30;;;;;;
31;31;;;;;;
32;32;;;;;;
33;33;;;;;;
34;34;;;;;;
35;35;;;;;;
36;36;;;;;;
37;37;;;;;;
38;38;;;;;;
39;39;;;;;;
40;40;;;;;;
41;41;;;;;;
42;42;;;;;;
43;43;;;;;;
44;44;;;;;;
45;45;;;;;;
46;46;;;;;;
47;47;;;;;;
48;48;;;;;;
49;49;;;;;;
50;50;;;;;;
51;51;;;;;;
52;52;;;;;;
53;53;;;;;;
54;54;;;;;;
55;55;;;;;;
56;56;;;;;;
57;57;;;;;;
58;58;;;;;;
59;59;;;;;;
60;60;;;;;;
61;61;;;;;;
62;62;;;;;;
63;63;;;;;;
64;64;;;;;;
65;65;;;;;;
66;66;;;;;;
67;67;;;;;;
68;68;;;;;;
69;69;;;;;;
70;70;;;;;;
71;71;;;;;;
72;72;;;;;;
73;73;;;;;;
74;74;;;;;;
75;75;;;;;;
76;76;;;;;;
77;77;;;;;;
78;78;;;;;;
79;79;;;;;;
80;80;;;;;;
81;81;;;;;;
82;82;;;;;;
83;83;;;;;;
84;84;;;;;;
85;85;;;;;;
86;86;;;;;;
87;87;;;;;;
88;88;;;;;;
89;89;;;;;;
90;90;;;;;;
91;91;;;;;;
92;92;;;;;;
93;93;;;;;;
94;94;;;;;;
95;95;;;;;;
96;96;;;;;;
97;97;;;;;;
98;98;;;;;;
99;99;;;;;;
100;100;;;;;;
101;101;;;;;;
102;102;;;;;;
103;103;;;;;;
104;104;;;;;;
105;105;;;;;;
106;106;;;;;;
107;107;;;;;;
108;108;;;;;;
109;109;;;;;;
110;110;;;;;;
111;111;;;;;;
112;112;;;;;;
113;113;;;;;;
114;114;;;;;;
115;115;;;;;;
116;116;;;;;;
117;117;;;;;;
118;118;;;;;;
119;119;;;;;;
120;120;;;;;;
121;121;;;;;;
122;122;;;;;;
123;123;;;;;;
124;124;;;;;;
125;125;;;;;;
126;126;;;;;;
127;127;;;;;;
128;128;;;;;;
129;129;;;;;;
130;130;;;;;;
131;131;;;;;;
132;132;;;;;;
133;133;;;;;;
134;134;;;;;;
135;135;;;;;;
136;136;;;;;;
137;137;;;;;;
138;138;;;;;;
139;139;;;;;;
140;140;;;;;;
141;141;;;;;;
142;142;;;;;;
143;143;;;;;;
144;144;;;;;;
145;145;;;;;;
146;146;;;;;;
147;147;;;;;;
148;148;;;;;;
149;149;;;;;;
150;150;;;;;;
151;151;;;;;;
152;152;;;;;;
153;153;;;;;;
154;154;;;;;;
155;155;;;;;;
156;156;;;;;;
157;157;;;;;;
158;158;;;;;;
159;159;;;;;;
160;160;;;;;;
161;161;;;;;;
162;162;;;;;;
163;163;;;;;;
164;164;;;;;;
165;165;;;;;;
166;166;;;;;;
167;167;;;;;;
168;168;;;;;;
169;169;;;;;;
170;170;;;;;;
171;171;;;;;;
172;172;;;;;;
173;173;;;;;;
174;174;;;;;;
175;175;;;;;;
176;176;;;;;;
177;177;;;;;;
178;178;;;;;;
179;179;;;;;;
180;180;;;;;;
181;181;;;;;;
182;182;;;;;;
183;183;;;;;;
184;184;;;;;;
185;185;;;;;;
186;186;;;;;;
187;187;;;;;;
188;188;;;;;;
189;189;;;;;;
190;190;;;;;;
191;191;;;;;;
192;192;;;;;;
193;193;;;;;;
194;194;;;;;;
195;195;;;;;;
196;196;;;;;;
197;197;;;;;;
198;198;;;;;;
199;199;;;;;;
200;200;;;;;;
201;201;;;;;;
202;202;;;;;;
203;203;;;;;;
204;204;;;;;;
205;205;;;;;;
206;206;;;;;;
207;207;;;;;;
208;208;;;;;;
209;209;;;;;;
210;210;;;;;;
211;211;;;;;;
212;212;;;;;;
213;213;;;;;;
214;214;JOAO DAMASIO ;J R EQUIPAMENTO;;;;Agropecuária
215;215;;;;;;
216;216;;;;;;
217;217;;;;;;
218;218;;;;;;
219;219;;;;;;
220;220;;;;;;
221;221;;;;;;
222;222;;;;;;
223;223;;;;;;
224;224;;;;;;
225;225;;;;;;
226;226;;;;;;
227;227;;;;;;
228;228;;;;;;
229;229;;;;;;
230;230;;;;;;
231;231;;;;;;
232;232;;;;;;
233;233;;;;;;
234;234;;;;;;
235;235;;;;;;
236;236;;;;;;
237;237;;;;;;
238;238;;;;;;
239;239;;;;;;
240;240;;;;;;
241;241;;;;;;
242;242;;;;;;
243;243;;;;;;
244;244;;;;;;
245;245;;;;;;
246;246;;;;;;
247;247;;;;;;
248;248;;;;;;
249;249;;;;;;
250;250;;;;;;
251;251;;;;;;
252;252;;;;;;
253;253;;;;;;
254;254;;;;;;
255;255;;;;;;
256;256;;;;;;
257;257;;;;;;
258;258;;;;;;
259;259;;;;;;
260;260;;;;;;
261;261;;;;;;
262;262;;;;;;
263;263;;;;;;
264;264;;;;;;
265;265;;;;;;
266;266;;;;;;
267;267;;;;;;
268;268;;;;;;
269;269;;;;;;
270;270;;;;;;
271;271;;;;;;
272;272;;;;;;
273;273;;;;;;
274;274;;;;;;
275;275;;;;;;
276;276;;;;;;
277;277;;;;;;
278;278;;;;;;
279;279;;;;;;
280;280;;;;;;
281;281;;;;;;
282;282;;;;;;
283;283;;;;;;
284;284;;;;;;
285;285;;;;;;
286;286;;;;;;
287;287;;;;;;
288;288;;;;;;
289;289;;;;;;
290;290;;;;;;
291;291;;;;;;
292;292;;;;;;
293;293;;;;;;
294;294;;;;;;
295;295;;;;;;
296;296;;;;;;
297;297;;;;;;
298;298;;;;;;
299;299;;;;;;
300;300;;;;;;
301;301;;;;;;
302;302;;;;;;
303;303;;;;;;
304;304;;;;;;
305;305;;;;;;
306;306;;;;;;
307;307;;;;;;
308;308;;;;;;
309;309;;;;;;
310;310;;;;;;
311;311;;;;;;
312;312;;;;;;
313;313;;;;;;
314;314;;;;;;
315;315;;;;;;
316;316;;;;;;
317;317;;;;;;
318;318;;;;;;
319;319;;;;;;
320;320;;;;;;
321;321;;;;;;
322;322;;;;;;
323;323;;;;;;
324;324;;;;;;
325;325;;;;;;
326;326;;;;;;
327;327;;;;;;
328;328;;;;;;
329;329;;;;;;
330;330;;;;;;
331;331;;;;;;
332;332;;;;;;
333;333;;;;;;
334;334;;;;;;
335;335;;;;;;
336;336;;;;;;
337;337;;;;;;
338;338;;;;;;
339;339;;;;;;
340;340;;;;;;
341;341;;;;;;
342;342;;;;;;
343;343;;;;;;
344;344;;;;;;
345;345;;;;;;
346;346;;;;;;
347;347;;;;;;
348;348;;;;;;
349;349;;;;;;
350;350;;;;;;
351;351;;;;;;
352;352;;;;;;
353;353;;;;;;
354;354;;;;;;
355;355;;;;;;
356;356;;;;;;
357;357;;;;;;
358;358;;;;;;
359;359;;;;;;
360;360;;;;;;
361;361;;;;;;
362;362;;;;;;
363;363;;;;;;
364;364;;;;;;
365;365;;;;;;
366;366;;;;;;
367;367;;;;;;
368;368;;;;;;
369;369;;;;;;
370;370;;;;;;
371;371;;;;;;
372;372;;;;;;
373;373;;;;;;
374;374;;;;;;
375;375;;;;;;
376;376;;;;;;
377;377;;;;;;
378;378;;;;;;
379;379;;;;;;
380;380;;;;;;
381;381;;;;;;
382;382;;;;;;
383;383;;;;;;
384;384;;;;;;
385;385;;;;;;
386;386;;;;;;
387;387;;;;;;
388;388;;;;;;
389;389;;;;;;
390;390;;;;;;
391;391;;;;;;
392;392;;;;;;
393;393;;;;;;
394;394;;;;;;
395;395;;;;;;
396;396;;;;;;
397;397;;;;;;
398;398;;;;;;
399;399;;;;;;
400;400;;;;;;
401;401;;;;;;
402;402;;;;;;
403;403;;;;;;
404;404;;;;;;
405;405;;;;;;
406;406;;;;;;
407;407;;;;;;
408;408;;;;;;
409;409;;;;;;
410;410;;;;;;
411;411;;;;;;
412;412;;;;;;
413;413;;;;;;
414;414;;;;;;
415;415;;;;;;
416;416;;;;;;
417;417;;;;;;
418;418;;;;;;
419;419;;;;;;
420;420;;;;;;
421;421;;;;;;
422;422;;;;;;
423;423;;;;;;
424;424;;;;;;
425;425;;;;;;
426;426;;;;;;
427;427;;;;;;
428;428;;;;;;
429;429;;;;;;
430;430;;;;;;
431;431;;;;;;
432;432;;;;;;
433;433;;;;;;
434;434;;;;;;
435;435;;;;;;
436;436;;;;;;
437;437;;;;;;
438;438;;;;;;
439;439;;;;;;
440;440;;;;;;
441;441;;;;;;
442;442;;;;;;
443;443;;;;;;
444;444;;;;;;
445;445;;;;;;
446;446;;;;;;
447;447;;;;;;
448;448;;;;;;
449;449;;;;;;
450;450;;;;;;
451;451;;;;;;
452;452;;;;;;
453;453;;;;;;
454;454;;;;;;
455;455;;;;;;
456;456;;;;;;
457;457;;;;;;
458;458;;;;;;
459;459;;;;;;
460;460;;;;;;
461;461;;;;;;
462;462;;;;;;
463;463;;;;;;
464;464;;;;;;
465;465;;;;;;
466;466;;;;;;
467;467;;;;;;
468;468;;;;;;
469;469;;;;;;
470;470;;;;;;
471;471;;;;;;
472;472;;;;;;
473;473;;;;;;
474;474;;;;;;
475;475;;;;;;
476;476;;;;;;
477;477;;;;;;
478;478;;;;;;
479;479;;;;;;
480;480;;;;;;
481;481;;;;;;
482;482;;;;;;
483;483;;;;;;
484;484;;;;;;
485;485;;;;;;
486;486;;;;;;
487;487;;;;;;
488;488;;;;;;
489;489;;;;;;
490;490;;;;;;
491;491;;;;;;
492;492;;;;;;
493;493;;;;;;
494;494;;;;;;
495;495;;;;;;
496;496;;;;;;
497;497;;;;;;
498;498;;;;;;
499;499;;;;;;
500;500;;;;;;
501;501;;;;;;
502;502;;;;;;
503;503;;;;;;
504;504;;;;;;
505;505;;;;;;
506;506;;;;;;
507;507;;;;;;
508;508;;;;;;
509;509;;;;;;
510;510;;;;;;
511;511;;;;;;
512;512;;;;;;
513;513;;;;;;
514;514;;;;;;
515;515;;;;;;
516;516;;;;;;
517;517;;;;;;
518;518;;;;;;
519;519;;;;;;
520;520;;;;;;
521;521;;;;;;
522;522;;;;;;
523;523;;;;;;
524;524;;;;;;
525;525;;;;;;
526;526;;;;;;
527;527;;;;;;
528;528;;;;;;
529;529;;;;;;
530;530;;;;;;
531;531;;;;;;
532;532;;;;;;
533;533;;;;;;
534;534;;;;;;
535;535;;;;;;
536;536;;;;;;
537;537;;;;;;
538;538;;;;;;
539;539;;;;;;
540;540;;;;;;
541;541;;;;;;
542;542;;;;;;
543;543;;;;;;
544;544;;;;;;
545;545;;;;;;
546;546;;;;;;
547;547;;;;;;
548;548;;;;;;
549;549;;;;;;
550;550;;;;;;
551;551;;;;;;
552;552;;;;;;
553;553;;;;;;
554;554;;;;;;
555;555;;;;;;
556;556;;;;;;
557;557;;;;;;
558;558;;;;;;
559;559;;;;;;
560;560;;;;;;
561;561;;;;;;
562;562;;;;;;
563;563;;;;;;
564;564;;;;;;
565;565;;;;;;
566;566;;;;;;
567;567;;;;;;
568;568;;;;;;
569;569;;;;;;
570;570;;;;;;
571;571;;;;;;
572;572;;;;;;
573;573;;;;;;
574;574;;;;;;
575;575;;;;;;
576;576;;;;;;
577;577;;;;;;
578;578;;;;;;
579;579;;;;;;
580;580;;;;;;
581;581;;;;;;
582;582;;;;;;
583;583;;;;;;
584;584;;;;;;
585;585;;;;;;
586;586;;;;;;
587;587;;;;;;
588;588;;;;;;
589;589;;;;;;
590;590;;;;;;
591;591;;;;;;
592;592;;;;;;
593;593;;;;;;
594;594;;;;;;
595;595;;;;;;
596;596;;;;;;
597;597;;;;;;
598;598;;;;;;
599;599;;;;;;
600;600;;;;;;
601;601;;;;;;
602;602;;;;;;
603;603;;;;;;
604;604;;;;;;
605;605;;;;;;
606;606;;;;;;
607;607;;;;;;
608;608;;;;;;
609;609;;;;;;
610;610;;;;;;
611;611;;;;;;
612;612;;;;;;
613;613;;;;;;
614;614;;;;;;
615;615;;;;;;
616;616;;;;;;
617;617;;;;;;
618;618;;;;;;
619;619;;;;;;
620;620;;;;;;
621;621;;;;;;
622;622;;;;;;
623;623;;;;;;
624;624;;;;;;
625;625;;;;;;
626;626;;;;;;
627;627;;;;;;
628;628;;;;;;
629;629;;;;;;
630;630;;;;;;
631;631;;;;;;
632;632;;;;;;
633;633;;;;;;
634;634;;;;;;
635;635;;;;;;
636;636;;;;;;
637;637;;;;;;
638;638;;;;;;
639;639;;;;;;
640;640;;;;;;
641;641;;;;;;
642;642;;;;;;
643;643;;;;;;
644;644;;;;;;
645;645;;;;;;
646;646;;;;;;
647;647;;;;;;
648;648;;;;;;
649;649;;;;;;
650;650;;;;;;
651;651;;;;;;
652;652;;;;;;
653;653;;;;;;
654;654;;;;;;
655;655;;;;;;
656;656;;;;;;
657;657;;;;;;
658;658;;;;;;
659;659;;;;;;
660;660;;;;;;
661;661;;;;;;
662;662;;;;;;
663;663;;;;;;
664;664;;;;;;
665;665;;;;;;
666;666;;;;;;
667;667;;;;;;
668;668;;;;;;
669;669;;;;;;
670;670;;;;;;
671;671;;;;;;
672;672;;;;;;
673;673;;;;;;
674;674;;;;;;
675;675;;;;;;
676;676;;;;;;
677;677;;;;;;
678;678;;;;;;
679;679;;;;;;
680;680;;;;;;
681;681;;;;;;
682;682;;;;;;
683;683;;;;;;
684;684;;;;;;
685;685;;;;;;
686;686;;;;;;
687;687;;;;;;
688;688;;;;;;
689;689;;;;;;
690;690;;;;;;
691;691;;;;;;
692;692;;;;;;
693;693;;;;;;
694;694;;;;;;
695;695;;;;;;
696;696;;;;;;
697;697;;;;;;
698;698;;;;;;
699;699;;;;;;
700;700;;;;;;
701;701;;;;;;
702;702;;;;;;
703;703;;;;;;
704;704;;;;;;
705;705;;;;;;
706;706;;;;;;
707;707;;;;;;
708;708;;;;;;
709;709;;;;;;
710;710;;;;;;
711;711;;;;;;
712;712;;;;;;
713;713;;;;;;
714;714;;;;;;
715;715;;;;;;
716;716;;;;;;
717;717;;;;;;
718;718;;;;;;
719;719;;;;;;
720;720;;;;;;
721;721;;;;;;
722;722;;;;;;
723;723;;;;;;
724;724;;;;;;
725;725;;;;;;
726;726;;;;;;
727;727;;;;;;
728;728;;;;;;
729;729;;;;;;
730;730;;;;;;
731;731;;;;;;
732;732;;;;;;
733;733;;;;;;
734;734;;;;;;
735;735;;;;;;
736;736;;;;;;
737;737;;;;;;
738;738;;;;;;
739;739;;;;;;
740;740;;;;;;
741;741;;;;;;
742;742;;;;;;
743;743;;;;;;
744;744;;;;;;
745;745;;;;;;
746;746;;;;;;
747;747;;;;;;
748;748;;;;;;
749;749;;;;;;
750;750;;;;;;
751;751;;;;;;
752;752;;;;;;
753;753;;;;;;
754;754;;;;;;
755;755;;;;;;
756;756;;;;;;
757;757;;;;;;
758;758;;;;;;
759;759;;;;;;
760;760;;;;;;
761;761;;;;;;
762;762;;;;;;
763;763;;;;;;
764;764;Zé quintino;;;;;
765;765;;;;;;
766;766;;;;;;
767;767;;;;;;
768;768;;;;;;
769;769;;;;;;
770;770;;;;;;
771;771;;;;;;
772;772;;;;;;
773;773;;;;;;
774;774;;;;;;
775;775;;;;;;
776;776;;;;;;
777;777;;;;;;
778;778;;;;;;
779;779;;;;;;
780;780;;;;;;
781;781;;;;;;
782;782;;;;;;
783;783;;;;;;
784;784;;;;;;
785;785;;;;;;
786;786;;;;;;
787;787;;;;;;
788;788;;;;;;
789;789;;;;;;
790;790;;;;;;
791;791;;;;;;
792;792;;;;;;
793;793;;;;;;
794;794;;;;;;
795;795;;;;;;
796;796;;;;;;
797;797;;;;;;
798;798;;;;;;
799;799;;;;;;
800;800;;;;;;
801;801;;;;;;
802;802;;;;;;
803;803;;;;;;
804;804;;;;;;
805;805;;;;;;
806;806;;;;;;
807;807;;;;;;
808;808;;;;;;
809;809;;;;;;
810;810;;;;;;
811;811;;;;;;
812;812;;;;;;
813;813;;;;;;
814;814;;;;;;
815;815;;;;;;
816;816;;;;;;
817;817;;;;;;
818;818;;;;;;
819;819;;;;;;
820;820;;;;;;
821;821;;;;;;
822;822;;;;;;
823;823;;;;;;
824;824;;;;;;
825;825;;;;;;
826;826;;;;;;
827;827;;;;;;
828;828;;;;;;
829;829;;;;;;
830;830;;;;;;
831;831;;;;;;
832;832;;;;;;
833;833;;;;;;
834;834;;;;;;
835;835;;;;;;
836;836;;;;;;
837;837;;;;;;
838;838;;;;;;
839;839;;;;;;
840;840;;;;;;
841;841;;;;;;
842;842;;;;;;
843;843;;;;;;
844;844;;;;;;
845;845;;;;;;
846;846;;;;;;
847;847;;;;;;
848;848;;;;;;
849;849;;;;;;
850;850;;;;;;
851;851;;;;;;
852;852;;;;;;
853;853;;;;;;
854;854;;;;;;
855;855;;;;;;
856;856;;;;;;
857;857;;;;;;
858;858;;;;;;
859;859;;;;;;
860;860;;;;;;
861;861;;;;;;
862;862;;;;;;
863;863;;;;;;
864;864;;;;;;
865;865;;;;;;
866;866;;;;;;
867;867;;;;;;
868;868;;;;;;
869;869;;;;;;
870;870;;;;;;
871;871;;;;;;
872;872;;;;;;
873;873;;;;;;
874;874;;;;;;
875;875;;;;;;
876;876;;;;;;
877;877;;;;;;
878;878;;;;;;
879;879;;;;;;
880;880;;;;;;
881;881;;;;;;
882;882;;;;;;
883;883;;;;;;
884;884;;;;;;
885;885;;;;;;
886;886;;;;;;
887;887;;;;;;
888;888;;;;;;
889;889;;;;;;
890;890;;;;;;
891;891;;;;;;
892;892;;;;;;
893;893;;;;;;
894;894;;;;;;
895;895;;;;;;
896;896;;;;;;
897;897;;;;;;
898;898;;;;;;
899;899;;;;;;
900;900;;;;;;
901;901;;;;;;
902;902;;;;;;
903;903;;;;;;
904;904;;;;;;
905;905;;;;;;
906;906;;;;;;
907;907;;;;;;
908;908;;;;;;
909;909;;;;;;
910;910;;;;;;
911;911;;;;;;
912;912;;;;;;
913;913;;;;;;
914;914;;;;;;
915;915;;;;;;
916;916;;;;;;
917;917;;;;;;
918;918;;;;;;
919;919;;;;;;
920;920;;;;;;
921;921;;;;;;
922;922;;;;;;
923;923;;;;;;
924;924;;;;;;
925;925;;;;;;
926;926;;;;;;
927;927;;;;;;
928;928;;;;;;
929;929;;;;;;
930;930;;;;;;
931;931;;;;;;
932;932;;;;;;
933;933;;;;;;
934;934;;;;;;
935;935;;;;;;
936;936;;;;;;
937;937;;;;;;
938;938;;;;;;
939;939;;;;;;
940;940;;;;;;
941;941;;;;;;
942;942;;;;;;
943;943;;;;;;
944;944;;;;;;
945;945;;;;;;
946;946;;;;;;
947;947;;;;;;
948;948;;;;;;
949;949;;;;;;
950;950;;;;;;
951;951;;;;;;
952;952;;;;;;
953;953;;;;;;
954;954;;;;;;
955;955;;;;;;
956;956;;;;;;
957;957;;;;;;
958;958;;;;;;
959;959;;;;;;
960;960;;;;;;
961;961;;;;;;
962;962;;;;;;
963;963;;;;;;
964;964;;;;;;
965;965;;;;;;
966;966;;;;;;
967;967;;;;;;
968;968;;;;;;
969;969;;;;;;
970;970;;;;;;
971;971;;;;;;
972;972;;;;;;
973;973;;;;;;
974;974;;;;;;
975;975;;;;;;
976;976;;;;;;
977;977;;;;;;
978;978;;;;;;
979;979;;;;;;
980;980;;;;;;
981;981;;;;;;
982;982;;;;;;
983;983;;;;;;
984;984;;;;;;
985;985;;;;;;
986;986;;;;;;
987;987;;;;;;
988;988;;;;;;
989;989;;;;;;
990;990;;;;;;
991;991;;;;;;
992;992;;;;;;
993;993;;;;;;
994;994;;;;;;
995;995;;;;;;
996;996;;;;;;
997;997;;;;;;
998;998;;;;;;
999;999;;;;;;
1000;1000;;;;;;
1001;1001;;;;;;
1002;1002;;;;;;
1003;1003;;;;;;
1004;1004;;;;;;
1005;1005;;;;;;
1006;1006;;;;;;
1007;1007;;;;;;
1008;1008;;;;;;
1009;1009;;;;;;
1010;1010;;;;;;
1011;1011;;;;;;
1012;1012;;;;;;
1013;1013;;;;;;
1014;1014;;;;;;
1015;1015;;;;;;
1016;1016;;;;;;
1017;1017;;;;;;
1018;1018;;;;;;
1019;1019;;;;;;
1020;1020;;;;;;
1021;1021;;;;;;
1022;1022;;;;;;
1023;1023;;;;;;
1024;1024;;;;;;
1025;1025;;;;;;
1026;1026;;;;;;
1027;1027;;;;;;
1028;1028;;;;;;
1029;1029;;;;;;
1030;1030;;;;;;
1031;1031;;;;;;
1032;1032;;;;;;
1033;1033;;;;;;
1034;1034;;;;;;
1035;1035;;;;;;
1036;1036;;;;;;
1037;1037;;;;;;
1038;1038;;;;;;
1039;1039;;;;;;
1040;1040;;;;;;
1041;1041;;;;;;
1042;1042;;;;;;
1043;1043;;;;;;
1044;1044;;;;;;
1045;1045;;;;;;
1046;1046;;;;;;
1047;1047;;;;;;
1048;1048;;;;;;
1049;1049;;;;;;
1050;1050;;;;;;
1051;1051;;;;;;
1052;1052;;;;;;
1053;1053;;;;;;
1054;1054;;;;;;
1055;1055;;;;;;
1056;1056;;;;;;
1057;1057;;;;;;
1058;1058;;;;;;
1059;1059;;;;;;
1060;1060;;;;;;
1061;1061;;;;;;
1062;1062;;;;;;
1063;1063;;;;;;
1064;1064;;;;;;
1065;1065;;;;;;
1066;1066;;;;;;
1067;1067;;;;;;
1068;1068;;;;;;
1069;1069;;;;;;
1070;1070;;;;;;
1071;1071;;;;;;
1072;1072;;;;;;
1073;1073;;;;;;
1074;1074;;;;;;
1075;1075;;;;;;
1076;1076;;;;;;
1077;1077;;;;;;
1078;1078;;;;;;
1079;1079;;;;;;
1080;1080;;;;;;
1081;1081;;;;;;
1082;1082;;;;;;
1083;1083;;;;;;
1084;1084;;;;;;
1085;1085;;;;;;
1086;1086;;;;;;
1087;1087;;;;;;
1088;1088;;;;;;
1089;1089;;;;;;
1090;1090;;;;;;
1091;1091;;;;;;
1092;1092;;;;;;
1093;1093;;;;;;
1094;1094;;;;;;
1095;1095;;;;;;
1096;1096;;;;;;
1097;1097;;;;;;
1098;1098;;;;;;
1099;1099;;;;;;
1100;1100;;;;;;
1101;1101;;;;;;
1102;1102;;;;;;
1103;1103;;;;;;
1104;1104;;;;;;
1105;1105;;;;;;
1106;1106;;;;;;
1107;1107;;;;;;
1108;1108;;;;;;
1109;1109;;;;;;
1110;1110;;;;;;
1111;1111;;;;;;
1112;1112;;;;;;
1113;1113;;;;;;
1114;1114;;;;;;
1115;1115;;;;;;
1116;1116;;;;;;
1117;1117;;;;;;
1118;1118;;;;;;
1119;1119;;;;;;
1120;1120;;;;;;
1121;1121;;;;;;
1122;1122;;;;;;
1123;1123;;;;;;
1124;1124;;;;;;
1125;1125;;;;;;
1126;1126;;;;;;
1127;1127;;;;;;
1128;1128;;;;;;
1129;1129;;;;;;
1130;1130;;;;;;
1131;1131;;;;;;
1132;1132;;;;;;
1133;1133;;;;;;
1134;1134;;;;;;
1135;1135;;;;;;
1136;1136;;;;;;
1137;1137;;;;;;
1138;1138;;;;;;
1139;1139;;;;;;
1140;1140;;;;;;
1141;1141;;;;;;
1142;1142;;;;;;
1143;1143;;;;;;
1144;1144;;;;;;
1145;1145;;;;;;
1146;1146;;;;;;
1147;1147;;;;;;
1148;1148;;;;;;
1149;1149;;;;;;
1150;1150;;;;;;
1151;1151;;;;;;
1152;1152;;;;;;
1153;1153;;;;;;
1154;1154;;;;;;
1155;1155;;;;;;
1156;1156;;;;;;
1157;1157;;;;;;
1158;1158;;;;;;
1159;1159;;;;;;
1160;1160;;;;;;
1161;1161;;;;;;
1162;1162;;;;;;
1163;1163;;;;;;
1164;1164;;;;;;
1165;1165;;;;;;
1166;1166;;;;;;
1167;1167;;;;;;
1168;1168;;;;;;
1169;1169;;;;;;
1170;1170;;;;;;
1171;1171;;;;;;
1172;1172;;;;;;
1173;1173;;;;;;
1174;1174;;;;;;
1175;1175;;;;;;
1176;1176;;;;;;
1177;1177;;;;;;
1178;1178;;;;;;
1179;1179;;;;;;
1180;1180;;;;;;
1181;1181;;;;;;
1182;1182;;;;;;
1183;1183;;;;;;
1184;1184;;;;;;
1185;1185;;;;;;
1186;1186;;;;;;
1187;1187;;;;;;
1188;1188;;;;;;
1189;1189;;;;;;
1190;1190;;;;;;
1191;1191;;;;;;
1192;1192;;;;;;
1193;1193;;;;;;
1194;1194;;;;;;
1195;1195;;;;;;
1196;1196;;;;;;
1197;1197;;;;;;
1198;1198;;;;;;
1199;1199;;;;;;
1200;1200;;;;;;
1201;1201;;;;;;
1202;1202;;;;;;
1203;1203;;;;;;
1204;1204;;;;;;
1205;1205;;;;;;
1206;1206;;;;;;
1207;1207;;;;;;
1208;1208;;;;;;
1209;1209;;;;;;
1210;1210;;;;;;
1211;1211;;;;;;
1212;1212;;;;;;
1213;1213;;;;;;
1214;1214;;;;;;
1215;1215;;;;;;
1216;1216;;;;;;
1217;1217;;;;;;
1218;1218;;;;;;
1219;1219;;;;;;
1220;1220;;;;;;
1221;1221;;;;;;
1222;1222;;;;;;
1223;1223;;;;;;
1224;1224;;;;;;
1225;1225;;;;;;
1226;1226;;;;;;
1227;1227;;;;;;
1228;1228;;;;;;
1229;1229;;;;;;
1230;1230;;;;;;
1231;1231;;;;;;
1232;1232;;;;;;
1233;1233;;;;;;
1234;1234;;;;;;
1235;1235;;;;;;
1236;1236;;;;;;
1237;1237;;;;;;
1238;1238;;;;;;
1239;1239;;;;;;
1240;1240;;;;;;
1241;1241;;;;;;
1242;1242;;;;;;
1243;1243;;;;;;
1244;1244;;;;;;
1245;1245;;;;;;
1246;1246;;;;;;
1247;1247;;;;;;
1248;1248;;;;;;
1249;1249;;;;;;
1250;1250;;;;;;
1251;1251;;;;;;
1252;1252;;;;;;
1253;1253;;;;;;
1254;1254;;;;;;
1255;1255;;;;;;
1256;1256;;;;;;
1257;1257;;;;;;
1258;1258;;;;;;
1259;1259;;;;;;
1260;1260;;;;;;
1261;1261;;;;;;
1262;1262;;;;;;
1263;1263;;;;;;
1264;1264;;;;;;
1265;1265;;;;;;
1266;1266;;;;;;
1267;1267;;;;;;
1268;1268;;;;;;
1269;1269;;;;;;
1270;1270;;;;;;
1271;1271;;;;;;
1272;1272;;;;;;
1273;1273;;;;;;
1274;1274;;;;;;
1275;1275;;;;;;
1276;1276;;;;;;
1277;1277;;;;;;
1278;1278;;;;;;
1279;1279;;;;;;
1280;1280;;;;;;
1281;1281;;;;;;
1282;1282;;;;;;
1283;1283;;;;;;
1284;1284;;;;;;
1285;1285;;;;;;
1286;1286;;;;;;
1287;1287;;;;;;
1288;1288;;;;;;
1289;1289;;;;;;
1290;1290;;;;;;
1291;1291;;;;;;
1292;1292;;;;;;
1293;1293;;;;;;
1294;1294;;;;;;
1295;1295;;;;;;
1296;1296;;;;;;
1297;1297;;;;;;
1298;1298;;;;;;
1299;1299;;;;;;
1300;1300;;;;;;
1301;1301;;;;;;
1302;1302;;;;;;
1303;1303;;;;;;
1304;1304;;;;;;
1305;1305;;;;;;
1306;1306;;;;;;
1307;1307;;;;;;
1308;1308;;;;;;
1309;1309;;;;;;
1310;1310;;;;;;
1311;1311;;;;;;
1312;1312;;;;;;
1313;1313;;;;;;
1314;1314;;;;;;
1315;1315;;;;;;
1316;1316;;;;;;
1317;1317;;;;;;
1318;1318;;;;;;
1319;1319;;;;;;
1320;1320;;;;;;
1321;1321;;;;;;
1322;1322;;;;;;
1323;1323;;;;;;
1324;1324;;;;;;
1325;1325;;;;;;
1326;1326;;;;;;
1327;1327;;;;;;
1328;1328;;;;;;
1329;1329;;;;;;
1330;1330;;;;;;
1331;1331;;;;;;
1332;1332;;;;;;
1333;1333;;;;;;
1334;1334;;;;;;
1335;1335;;;;;;
1336;1336;;;;;;
1337;1337;;;;;;
1338;1338;;;;;;
1339;1339;;;;;;
1340;1340;;;;;;
1341;1341;;;;;;
1342;1342;;;;;;
1343;1343;;;;;;
1344;1344;;;;;;
1345;1345;;;;;;
1346;1346;;;;;;
1347;1347;;;;;;
1348;1348;;;;;;
1349;1349;;;;;;
1350;1350;;;;;;
1351;1351;;;;;;
1352;1352;;;;;;
1353;1353;;;;;;
1354;1354;;;;;;
1355;1355;;;;;;
1356;1356;;;;;;
1357;1357;;;;;;
1358;1358;;;;;;
1359;1359;;;;;;
1360;1360;;;;;;
1361;1361;;;;;;
1362;1362;;;;;;
1363;1363;;;;;;
1364;1364;;;;;;
1365;1365;;;;;;
1366;1366;;;;;;
1367;1367;;;;;;
1368;1368;;;;;;
1369;1369;;;;;;
1370;1370;;;;;;
1371;1371;;;;;;
1372;1372;;;;;;
1373;1373;;;;;;
1374;1374;;;;;;
1375;1375;;;;;;
1376;1376;;;;;;
1377;1377;;;;;;
1378;1378;;;;;;
1379;1379;;;;;;
1380;1380;;;;;;
1381;1381;;;;;;
1382;1382;;;;;;
1383;1383;;;;;;
1384;1384;;;;;;
1385;1385;;;;;;
1386;1386;;;;;;
1387;1387;;;;;;
1388;1388;;;;;;
1389;1389;;;;;;
1390;1390;;;;;;
1391;1391;;;;;;
1392;1392;;;;;;
1393;1393;;;;;;
1394;1394;;;;;;
1395;1395;;;;;;
1396;1396;;;;;;
1397;1397;;;;;;
1398;1398;;;;;;
1399;1399;;;;;;
1400;1400;;;;;;
1401;1401;;;;;;
1402;1402;;;;;;
1403;1403;;;;;;
1404;1404;;;;;;
1405;1405;;;;;;
1406;1406;;;;;;
1407;1407;;;;;;
1408;1408;;;;;;
1409;1409;;;;;;
1410;1410;;;;;;
1411;1411;;;;;;
1412;1412;;;;;;
1413;1413;;;;;;
1414;1414;;;;;;
1415;1415;;;;;;
1416;1416;;;;;;
1417;1417;;;;;;
1418;1418;;;;;;
1419;1419;;;;;;
1420;1420;;;;;;
1421;1421;;;;;;
1422;1422;;;;;;
1423;1423;;;;;;
1424;1424;;;;;;
1425;1425;;;;;;
1426;1426;;;;;;
1427;1427;;;;;;
1428;1428;;;;;;
1429;1429;;;;;;
1430;1430;;;;;;
1431;1431;;;;;;
1432;1432;;;;;;
1433;1433;;;;;;
1434;1434;;;;;;
1435;1435;;;;;;
1436;1436;;;;;;
1437;1437;;;;;;
1438;1438;;;;;;
1439;1439;;;;;;
1440;1440;;;;;;
1441;1441;;;;;;
1442;1442;;;;;;
1443;1443;;;;;;
1444;1444;;;;;;
1445;1445;;;;;;
1446;1446;;;;;;
1447;1447;;;;;;
1448;1448;;;;;;
1449;1449;;;;;;
1450;1450;;;;;;
1451;1451;;;;;;
1452;1452;;;;;;
1453;1453;;;;;;
1454;1454;;;;;;
1455;1455;;;;;;
1456;1456;;;;;;
1457;1457;;;;;;
1458;1458;;;;;;
1459;1459;;;;;;
1460;1460;;;;;;
1461;1461;;;;;;
1462;1462;;;;;;
1463;1463;;;;;;
1464;1464;;;;;;
1465;1465;;;;;;
1466;1466;;;;;;
1467;1467;;;;;;
1468;1468;;;;;;
1469;1469;;;;;;
1470;1470;;;;;;
1471;1471;;;;;;
1472;1472;;;;;;
1473;1473;;;;;;
1474;1474;;;;;;
1475;1475;;;;;;
1476;1476;;;;;;
1477;1477;;;;;;
1478;1478;;;;;;
1479;1479;;;;;;
1480;1480;;;;;;
1481;1481;;;;;;
1482;1482;;;;;;
1483;1483;;;;;;
1484;1484;;;;;;
1485;1485;;;;;;
1486;1486;;;;;;
1487;1487;;;;;;
1488;1488;;;;;;
1489;1489;;;;;;
1490;1490;;;;;;
1491;1491;;;;;;
1492;1492;;;;;;
1493;1493;;;;;;
1494;1494;;;;;;
1495;1495;;;;;;
1496;1496;;;;;;
1497;1497;;;;;;
1498;1498;;;;;;
1499;1499;;;;;;
1500;1500;;;;;;
1501;1501;;;;;;
1502;1502;;;;;;
1503;1503;;;;;;
1504;1504;;;;;;
1505;1505;;;;;;
1506;1506;;;;;;
1507;1507;;;;;;
1508;1508;;;;;;
1509;1509;;;;;;
1510;1510;;;;;;
1511;1511;;;;;;
1512;1512;;;;;;
1513;1513;;;;;;
1514;1514;;;;;;
1515;1515;;;;;;
1516;1516;;;;;;
1517;1517;;;;;;
1518;1518;;;;;;
1519;1519;;;;;;
1520;1520;;;;;;
1521;1521;;;;;;
1522;1522;;;;;;
1523;1523;;;;;;
1524;1524;;;;;;
1525;1525;;;;;;
1526;1526;;;;;;
1527;1527;;;;;;
1528;1528;;;;;;
1529;1529;;;;;;
1530;1530;;;;;;
1531;1531;;;;;;
1532;1532;;;;;;
1533;1533;;;;;;
1534;1534;;;;;;
1535;1535;;;;;;
1536;1536;;;;;;
1537;1537;;;;;;
1538;1538;;;;;;
1539;1539;;;;;;
1540;1540;;;;;;
1541;1541;;;;;;
1542;1542;;;;;;
1543;1543;;;;;;
1544;1544;;;;;;
1545;1545;;;;;;
1546;1546;;;;;;
1547;1547;;;;;;
1548;1548;;;;;;
1549;1549;;;;;;
1550;1550;;;;;;
1551;1551;;;;;;
1552;1552;;;;;;
1553;1553;;;;;;
1554;1554;;;;;;
1555;1555;;;;;;
1556;1556;;;;;;
1557;1557;;;;;;
1558;1558;;;;;;
1559;1559;;;;;;
1560;1560;;;;;;
1561;1561;;;;;;
1562;1562;;;;;;
1563;1563;;;;;;
1564;1564;;;;;;
1565;1565;;;;;;
1566;1566;;;;;;
1567;1567;;;;;;
1568;1568;;;;;;
1569;1569;;;;;;
1570;1570;;;;;;
1571;1571;;;;;;
1572;1572;;;;;;
1573;1573;;;;;;
1574;1574;;;;;;
1575;1575;;;;;;
1576;1576;;;;;;
1577;1577;;;;;;
1578;1578;;;;;;
1579;1579;;;;;;
1580;1580;;;;;;
1581;1581;;;;;;
1582;1582;;;;;;
1583;1583;;;;;;
1584;1584;;;;;;
1585;1585;;;;;;
1586;1586;;;;;;
1587;1587;;;;;;
1588;1588;;;;;;
1589;1589;;;;;;
1590;1590;;;;;;
1591;1591;;;;;;
1592;1592;;;;;;
1593;1593;;;;;;
1594;1594;;;;;;
1595;1595;;;;;;
1596;1596;;;;;;
1597;1597;;;;;;
1598;1598;;;;;;
1599;1599;;;;;;
1600;1600;;;;;;
1601;1601;;;;;;
1602;1602;;;;;;
1603;1603;;;;;;
1604;1604;;;;;;
1605;1605;;;;;;
1606;1606;;;;;;
1607;1607;;;;;;
1608;1608;;;;;;
1609;1609;;;;;;
1610;1610;;;;;;
1611;1611;;;;;;
1612;1612;;;;;;
1613;1613;;;;;;
1614;1614;;;;;;
1615;1615;;;;;;
1616;1616;;;;;;
1617;1617;;;;;;
1618;1618;;;;;;
1619;1619;;;;;;
1620;1620;;;;;;
1621;1621;;;;;;
1622;1622;;;;;;
1623;1623;;;;;;
1624;1624;;;;;;
1625;1625;;;;;;
1626;1626;;;;;;
1627;1627;;;;;;
1628;1628;;;;;;
1629;1629;;;;;;
1630;1630;;;;;;
1631;1631;;;;;;
1632;1632;;;;;;
1633;1633;;;;;3;
1634;1634;;;;;4;
1635;1635;;;;;2;
1636;1636;;;;;3;
1637;1637;;;;;3;
1638;1638;;;;;3;
1639;1639;;;;;3;
1640;1640;;;;;3;
1641;1641;;;;;4;
1642;1642;;;;;2;
1643;1643;;;;;2;
1644;1644;J S DA COSTA -ME;;;;3;Agropecuária
1645;1645;;;;;5;
1646;1646;;;;;4;
1647;1647;;;;;1;
1648;1648;;;;;3;
1649;1649;;;;;2;
1650;1650;;;;;3;
1651;1651;;;;;2;
1652;1652;;;;;4;
1653;1653;;;;;4;
1654;1654;;;;;2;
1655;1655;;;;;1;
1656;1656;;;;;1;
1657;1657;;;;;1;
1658;1658;;;;;4;
1659;1659;;;;;3;
1660;1660;;;;;2;
1661;1661;;;;;3;
1662;1662;;;;;4;
1663;1663;;;;;3;
1664;1664;;;;;2;
1665;1665;;;;;4;
1666;1666;A M DE LIMA CARCINICULTURA - ME;;;;2;Agropecuária
1667;1667;;;;;2;
1668;1668;;;;;1;
1669;1669;;;;;3;
1670;1670;;;;;5;
1671;1671;;;;;4;
1672;1672;;;;;3;
1673;1673;;;;;3;
1674;1674;;;;;2;
1675;1675;;;;;2;
1676;1676;;;;;2;
1677;1677;;;;;2;
1678;1678;;;;;1;
1679;1679;;;;;1;
1680;1680;;;;;6;
1681;1681;;;;;5;
1682;1682;;;;;5;
1683;1683;;;;;4;
1684;1684;;;;;4;
1685;1685;;;;;3;
1686;1686;;;;;3;
1687;1687;;;;;2;
1688;1688;;;;;2;
1689;1689;;;;;3;
1690;1690;;;;;3;
1691;1691;;;;;3;
1692;1692;;;;;3;
1693;1693;;;;;3;
1694;1694;;;;;4;
1695;1695;;;;;3;
1696;1696;;;;;3;
1697;1697;;;;;3;
1698;1698;;;;;3;
1699;1699;;;;;4;
1700;1700;;;;;3;
1701;1701;;;;;4;
1702;1702;;;;;4;
1703;1703;;;;;3;
1704;1704;;;;;3;
1705;1705;;;;;4;
1706;1706;;;;;3;
1707;1707;;;;;4;
1708;1708;;;;;3;
1709;1709;;;;;4;
1710;1710;;;;;3;
1711;1711;;;;;3;
1712;1712;;;;;4;
1713;1713;;;;;3;
1714;1714;;;;;3;
1715;1715;;;;;3;
1716;1716;;;;;3;
1717;1717;;;;;3;
1718;1718;;;;;3;
1719;1719;;;;;3;
1720;1720;;;;;3;
1721;1721;;;;;4;
1722;1722;;;;;4;
1723;1723;;;;;3;
1724;1724;;;;;4;
1725;1725;;;;;3;
1726;1726;;;;;4;
1727;1727;;;;;4;
1728;1728;;;;;3;
1729;1729;;;;;4;
1730;1730;;;;;3;
1731;1731;;;;;3;
1732;1732;;;;;3;
1733;1733;;;;;3;
1734;1734;;;;;4;
1735;1735;;;;;4;
1736;1736;;;;;4;
1737;1737;;;;;4;
1738;1738;;;;;3;
1739;1739;;;;;4;
1740;1740;;;;;3;
1741;1741;;;;;2;
1742;1742;DEL MONTE FRESH PRODUCE BRASIL LTDA;DEL MONTE;;01.33-4-02;50;Agropecuária
1743;1743;;;;;3;
1744;1744;;;;;3;
1745;1745;;;;;4;
1746;1746;;;;;4;
1747;1747;;;;;2;
1748;1748;;;;;3;
1749;1749;;;;;10;
1750;1750;;;;;2;
1751;1751;Tropical Nordeste Fruit Agroindustria;BANESA;;01.33-4-02;300;Agropecuária
1752;1752;;;;;5;
1753;1753;;;;;2;
1754;1754;;;;;2;
1755;1755;;;;;5;
1756;1756;;;;;5;
1757;1757;;;;;3;
1758;1758;;;;;3;
1759;1759;;;;;2;
1760;1760;;;;;3;
1761;1761;;;;;2;
1762;1762;;;;;2;
1763;1763;;;;;2;
1764;1764;;;;;2;
1765;1765;;;;;1;
1766;1766;;;;;3;
1767;1767;;;;;2;
1768;1768;;;;;2;
1769;1769;;;;;2;
1770;1770;;;;;2;
1771;1771;;;;;2;
1772;1772;;;;;2;
1773;1773;;;;;2;
1774;1774;;;;;3;
1775;1775;;;;;3;
1776;1776;;;;;2;
1777;1777;;;;;2;
1778;1778;;;;;3;
1779;1779;;;;;2;
1780;1780;;;;;2;
1781;1781;;;;;2;
1782;1782;;;;;3;
1783;1783;;;;;4;
1784;1784;;;;;3;
1785;1785;;;;;3;
1786;1786;;;;;2;
1787;1787;;;;;2;
1788;1788;;;;;2;
1789;1789;;;;;2;
1790;1790;;;;;2;
1791;1791;;;;;2;
1792;1792;;;;;3;
1793;1793;;;;;2;
1794;1794;;;;;2;
1795;1795;;;;;2;
1796;1796;;;;;2;
1797;1797;;;;;4;
1798;1798;;;;;2;
1799;1799;;;;;4;
1800;1800;;;;;2;
1801;1801;;;;;2;
1802;1802;;;;;3;
1803;1803;;;;;2;
1804;1804;;;;;3;
1805;1805;;;;;3;
1806;1806;;;;;2;
1807;1807;;;;;2;
1808;1808;;;;;3;
1809;1809;;;;;2;
1810;1810;;;;;3;
1811;1811;;;;;2;
1812;1812;;;;;2;
1813;1813;;;;;3;
1814;1814;;;;;2;
1815;1815;;;;;3;
1816;1816;;;;;2;
1817;1817;;;;;3;
1818;1818;;;;;2;
1819;1819;;;;;2;
1820;1820;;;;;2;
1821;1821;;;;;2;
1822;1822;;;;;2;
1823;1823;;;;;3;
1824;1824;;;;;2;
1825;1825;;;;;2;
1826;1826;;;;;2;
1827;1827;;;;;3;
1828;1828;;;;;3;
1829;1829;;;;;2;
1830;1830;;;;;2;
1831;1831;;;;;2;
1832;1832;;;;;2;
1833;1833;;;;;2;
1834;1834;;;;;3;
1835;1835;;;;;3;
1836;1836;;;;;2;
1837;1837;;;;;3;
1838;1838;;;;;2;
1839;1839;;;;;2;
1840;1840;;;;;2;
1841;1841;;;;;3;
1842;1842;;;;;2;
1843;1843;;;;;2;
1844;1844;;;;;3;
1845;1845;;;;;2;
1846;1846;;;;;2;
1847;1847;;;;;3;
1848;1848;;;;;5;
1849;1849;;;;;3;
1850;1850;;;;;2;
1851;1851;;;;;3;
1852;1852;;;;;3;
1853;1853;;;;;2;
1854;1854;;;;;2;
1855;1855;;;;;3;
1856;1856;;;;;5;
1857;1857;;;;;3;
1858;1858;;;;;3;
1859;1859;;;;;2;
1860;1860;;;;;2;
1861;1861;;;;;3;
1862;1862;;;;;2;
1863;1863;;;;;3;
1864;1864;;;;;2;
1865;1865;;;;;3;
1866;1866;;;;;2;
1867;1867;;;;;2;
1868;1868;;;;;2;
1869;1869;;;;;2;
1870;1870;;;;;3;
1871;1871;;;;;3;
1872;1872;;;;;2;
1873;1873;;;;;3;
1874;1874;;;;;4;
1875;1875;;;;;2;
1876;1876;;;;;5;
1877;1877;;;;;2;
1878;1878;;;;;3;
1879;1879;;;;;2;
1880;1880;;;;;3;
1881;1881;;;;;1;
1882;1882;;;;;3;
1883;1883;;;;;3;
1884;1884;;;;;2;
1885;1885;;;;;1;
1886;1886;;;;;3;
1887;1887;;;;;3;
1888;1888;;;;;1;
1889;1889;;;;;4;
1890;1890;;;;;3;
1891;1891;;;;;3;
1892;1892;;;;;4;
1893;1893;;;;;3;
1894;1894;;;;;3;
1895;1895;;;;;2;
1896;1896;;;;;4;
1897;1897;;;;;3;
1898;1898;;;;;4;
1899;1899;;;;;2;
1900;1900;;;;;4;
1901;1901;;;;;3;
1902;1902;;;;;3;
1903;1903;;;;;2;
1904;1904;;;;;3;
1905;1905;;;;;3;
1906;1906;;;;;3;
1907;1907;;;;;3;
1908;1908;;;;;3;
1909;1909;;;;;3;
1910;1910;;;;;4;
1911;1911;;;;;2;
1912;1912;;;;;2;
1913;1913;;;;;3;
1914;1914;;;;;4;
1915;1915;;;;;2;
1916;1916;;;;;3;
1917;1917;;;;;3;
1918;1918;;;;;3;
1919;1919;;;;;2;
1920;1920;;;;;3;
1921;1921;;;;;4;
1922;1922;;;;;3;
1923;1923;;;;;3;
1924;1924;;;;;4;
1925;1925;;;;;5;
1926;1926;;;;;5;
1927;1927;;;;;4;
1928;1928;;;;;3;
1929;1929;;;;;2;
1930;1930;;;;;5;
1931;1931;;;;;4;
1932;1932;;;;;3;
1933;1933;;;;;4;
1934;1934;;;;;4;
1935;1935;;;;;4;
1936;1936;;;;;4;
1937;1937;;;;;4;
1938;1938;;;;;3;
1939;1939;;;;;5;
1940;1940;;;;;3;
1941;1941;;;;;3;
1942;1942;;;;;3;
1943;1943;;;;;3;
1944;1944;;;;;3;
1945;1945;;;;;3;
1946;1946;;;;;3;
1947;1947;;;;;3;
1948;1948;;;;;3;
1949;1949;;;;;3;
1950;1950;;;;;3;
1951;1951;;;;;3;
1952;1952;;;;;3;
1953;1953;;;;;2;
1954;1954;;;;;3;
1955;1955;;;;;3;
1956;1956;;;;;3;
1957;1957;;;;;3;
1958;1958;;;;;4;
1959;1959;;;;;3;
1960;1960;;;;;3;
1961;1961;;;;;4;
1962;1962;;;;;3;
1963;1963;;;;;3;
1964;1964;;;;;4;
1965;1965;;;;;4;
1966;1966;;;;;3;
1967;1967;;;;;4;
1968;1968;;;;;2;
1969;1969;;;;;4;
1970;1970;;;;;3;
1971;1971;;;;;3;
1972;1972;;;;;3;
1973;1973;;;;;3;
1974;1974;;;;;3;
1975;1975;;;;;4;
1976;1976;;;;;3;
1977;1977;;;;;3;
1978;1978;;;;;3;
1979;1979;;;;;3;
1980;1980;;;;;3;
1981;1981;;;;;4;
1982;1982;;;;;3;
1983;1983;;;;;3;
1984;1984;;;;;3;
1985;1985;;;;;4;
1986;1986;;;;;4;
1987;1987;;;;;3;
1988;1988;;;;;3;
1989;1989;;;;;3;
1990;1990;;;;;3;
1991;1991;;;;;3;
1992;1992;;;;;3;
1993;1993;;;;;3;
1994;1994;;;;;3;
1995;1995;;;;;3;
1996;1996;;;;;3;
1997;1997;;;;;4;
1998;1998;;;;;3;
1999;1999;;;;;3;
2000;2000;;;;;4;
2001;2001;;;;;3;
2002;2002;;;;;4;
2003;2003;;;;;4;
2004;2004;;;;;3;
2005;2005;;;;;3;
2006;2006;;;;;4;
2007;2007;;;;;4;
2008;2008;;;;;3;
2009;2009;;;;;4;
2010;2010;;;;;2;
2011;2011;;;;;4;
2012;2012;;;;;3;
2013;2013;;;;;3;
2014;2014;;;;;3;
2015;2015;;;;;3;
2016;2016;;;;;3;
2017;2017;;;;;3;
2018;2018;;;;;3;
2019;2019;;;;;3;
2020;2020;;;;;3;
2021;2021;;;;;3;
2022;2022;;;;;2;
2023;2023;;;;;5;
2024;2024;;;;;3;
2025;2025;;;;;2;
2026;2026;;;;;2;
2027;2027;;;;;3;
2028;2028;B. A. DOMINGUEZ;;;03.21-3-02;3;Agropecuária
2029;2029;;;;;2;
2030;2030;;;;;3;
2031;2031;ECOMARES AQUICULTURA LTDA;ECOMARES;;03.21-3-02;2;Agropecuária
2032;2032;;;;;3;
2033;2033;;;;;3;
2034;2034;;;;;3;
2035;2035;;;;;4;
2036;2036;;;;;3;
2037;2037;;;;;3;
2038;2038;;;;;4;
2039;2039;;;;;3;
2040;2040;;;;;3;
2041;2041;;;;;4;
2042;2042;;;;;3;
2043;2043;;;;;5;
2044;2044;;;;;5;
2045;2045;;;;;6;
2046;2046;;;;;5;
2047;2047;;;;;3;
2048;2048;;;;;5;
2049;2049;SOUSA E PESCADOS E CAMAROES LTDA - ME;SOUSA CAMAROES E PESCADOS;;03.21-3-02;4;
2050;2050;;;;;5;
2051;2051;G W G CARCINICULTURA LTDA;ENTRERIOS CAMAROES E PEIXES;;03.21-3-02;3;
2052;2052;;;;;6;
2053;2053;FRANK GOMES F FILHO CARCINICULTURA - ME;CAMARITA;;03.21-3-02;3;
2054;2054;;;;;4;
2055;2055;;;;;3;
2056;2056;;;;;3;
2057;2057;PESCOM SERVICOS & COMERCIO DE PESCADOS LTDA;PESCOM;;03.21-3-02;2;
2058;2058;J L L PEIXOTO;J PEIXOTO CAMAROES;;03.21-3-02;3;
2059;2059;FAZENDA ARRAIAL CULTIVO LTDA;FAZENDA ARRAIAL CULTIVO;;03.22-1-01;2;
2060;2060;;;;;4;
2061;2061;;;;;6;
2062;2062;FREITAS & RIBEIRO CARCINICULTURA LTDA-ME;ENTRERIOS;;03.21-3-02;4;
2063;2063;;;;;3;
2064;2064;;;;;4;
2065;2065;BOMAR MARICULTURA LTDA;BOMAR;;03.21-3-01;2;
2066;2066;;;;;2;
2067;2067;;;;;4;
2068;2068;;;;;5;
2069;2069;;;;;6;
2070;2070;;;;;4;
2071;2071;;;;;6;
2072;2072;;;;;3;
2073;2073;;;;;7;
2074;2074;;;;;5;
2075;2075;COMERCIAL IZA DE AQUICULTURA LTDA-ME;;;;4;
2076;2076;;;;;5;
2077;2077;;;;;8;
2078;2078;;;;;10;
2079;2079;;;;;3;
2080;2080;;;;;4;
2081;2081;;;;;4;
2082;2082;;;;;2;
2083;2083;;;;;1;
2084;2084;;;;;3;
2085;2085;;;;;5;
2086;2086;;;;;3;
2087;2087;;;;;5;
2088;2088;;;;;7;
2089;2089;;;;;5;
2090;2090;;;;;2;
2091;2091;;;;;4;
2092;2092;;;;;3;
2093;2093;;;;;3;
2094;2094;;;;;3;
2095;2095;;;;;3;
2096;2096;;;;;2;
2097;2097;;;;;2;
2098;2098;;;;;3;
2099;2099;;;;;3;
2100;2100;;;;;4;
2101;2101;;;;;4;
2102;2102;;;;;4;
2103;2103;;;;;4;
2104;2104;;;;;2;
2105;2105;;;;;4;
2106;2106;;;;;4;
2107;2107;;;;;4;
2108;2108;;;;;2;
2109;2109;;;;;4;
2110;2110;;;;;4;
2111;2111;;;;;4;
2112;2112;;;;;3;
2113;2113;;;;;4;
2114;2114;;;;;2;
2115;2115;;;;;4;
2116;2116;;;;;2;
2117;2117;;;;;4;
2118;2118;;;;;4;
2119;2119;;;;;4;
2120;2120;;;;;2;
2121;2121;;;;;4;
2122;2122;;;;;4;
2123;2123;;;;;4;
2124;2124;;;;;4;
2125;2125;;;;;4;
2126;2126;;;;;3;
2127;2127;;;;;3;
2128;2128;;;;;2;
2129;2129;;;;;4;
2130;2130;;;;;3;
2131;2131;;;;;3;
2132;2132;;;;;3;
2133;2133;;;;;3;
2134;2134;;;;;3;
2135;2135;;;;;15;
2136;2136;;;;;2;
2137;2137;;;;;3;
2138;2138;;;;;4;
2139;2139;;;;;2;
2140;2140;;;;;4;
2141;2141;;;;;2;
2142;2142;;;;;6;
2143;2143;;;;;3;
2144;2144;;;;;3;
2145;2145;;;;;7;
2146;2146;;;;;3;
2147;2147;;;;;2;
2148;2148;;;;;3;
2149;2149;;;;;2;
2150;2150;;;;;3;
2151;2151;;;;;6;
2152;2152;;;;;3;
2153;2153;;;;;2;
2154;2154;;;;;4;
2155;2155;;;;;2;
2156;2156;AGRICOLA FAMOSA LTDA AREA 2;FAMOSA;;;3;Agropecuária
2157;2157;;;;;4;
2158;2158;;;;;5;
2159;2159;;;;;3;
2160;2160;;;;;4;
2161;2161;;;;;4;
2162;2162;;;;;2;
2163;2163;;;;;2;
2164;2164;;;;;7;
2165;2165;;;;;3;
2166;2166;;;;;4;
2167;2167;;;;;3;
2168;2168;;;;;4;
2169;2169;;;;;2;
2170;2170;;;;;3;
2171;2171;;;;;3;
2172;2172;;;;;3;
2173;2173;;;;;3;
2174;2174;;;;;2;
2175;2175;;;;;2;
2176;2176;;;;;3;
2177;2177;AGRICOLA FAMOSA LTDA AREA 3;FAMOSA;;;2;Agropecuária
2178;2178;;;;;5;
2179;2179;;;;;3;
2180;2180;;;;;3;
2181;2181;;;;;4;
2182;2182;;;;;3;
2183;2183;;;;;3;
2184;2184;;;;;3;
2185;2185;;;;;3;
2186;2186;;;;;10;
2187;2187;;;;;2;
2188;2188;;;;;4;
2189;2189;;;;;4;
2190;2190;;;;;4;
2191;2191;;;;;3;
2192;2192;;;;;4;
2193;2193;;;;;4;
2194;2194;;;;;4;
2195;2195;;;;;5;
2196;2196;;;;;5;
2197;2197;;;;;5;
2198;2198;;;;;2;
2199;2199;;;;;2;
2200;2200;;;;;3;
2201;2201;;;;;5;
2202;2202;;;;;4;
2203;2203;;;;;4;
2204;2204;;;;;3;
2205;2205;;;;;5;
2206;2206;;;;;4;
2207;2207;;;;;12;
2208;2208;;;;;2;
2209;2209;;;;;3;
2210;2210;;;;;3;
2211;2211;;;;;3;
2212;2212;;;;;3;
2213;2213;;;;;3;
2214;2214;;;;;6;
2215;2215;;;;;4;
2216;2216;;;;;4;
2217;2217;;;;;5;
2218;2218;;;;;2;
2219;2219;;;;;3;
2220;2220;;;;;4;
2221;2221;;;;;2;
2222;2222;;;;;2;
2223;2223;;;;;5;
2224;2224;;;;;4;
2225;2225;;;;;3;
2226;2226;;;;;5;
2227;2227;;;;;3;
2228;2228;;;;;3;
2229;2229;;;;;3;
2230;2230;;;;;3;
2231;2231;;;;;3;
2232;2232;;;;;4;
2233;2233;;;;;2;
2234;2234;;;;;3;
2235;2235;Agropecuaria Vale do Castanhao LTDA;Agropecuaria Vale do Castanhao;;01.51-2-02;3;Agropecuária
2236;2236;;;;;4;
2237;2237;;;;;4;
2238;2238;;;;;2;
2239;2239;;;;;3;
2240;2240;;;;;4;
2241;2241;;;;;4;
2242;2242;;;;;2;
2243;2243;;;;;4;
2244;2244;;;;;2;
2245;2245;;;;;1;
2246;2246;;;;;2;
2247;2247;;;;;5;
2248;2248;;;;;2;
2249;2249;;;;;2;
2250;2250;;;;;3;
2251;2251;;;;;2;
2252;2252;;;;;5;
2253;2253;;;;;2;
2254;2254;;;;;3;
2255;2255;;;;;3;
2256;2256;;;;;3;
2257;2257;;;;;3;
2258;2258;;;;;2;
2259;2259;;;;;3;
2260;2260;;;;;2;
2261;2261;;;;;3;
2262;2262;;;;;3;
2263;2263;;;;;4;
2264;2264;;;;;3;
2265;2265;;;;;3;
2266;2266;;;;;3;
2267;2267;;;;;5;
2268;2268;;;;;2;
2269;2269;;;;;4;
2270;2270;;;;;2;
2271;2271;;;;;3;
2272;2272;;;;;4;
2273;2273;;;;;1;
2274;2274;;;;;4;
2275;2275;;;;;2;
2276;2276;;;;;3;
2277;2277;;;;;3;
2278;2278;;;;;2;
2279;2279;;;;;5;
2280;2280;;;;;2;
2281;2281;;;;;3;
2282;2282;;;;;4;
2283;2283;;;;;4;
2284;2284;;;;;4;
2285;2285;;;;;4;
2286;2286;;;;;2;
2287;2287;;;;;4;
2288;2288;;;;;3;
2289;2289;;;;;2;
2290;2290;;;;;2;
2291;2291;;;;;4;
2292;2292;;;;;4;
2293;2293;;;;;4;
2294;2294;;;;;5;
2295;2295;BAHAMA TRADING COMPANY LTDA;;;;2;Agropecuária
2296;2296;;;;;3;
2297;2297;;;;;4;
2298;2298;;;;;2;
2299;2299;;;;;4;
2300;2300;;;;;6;
2301;2301;;;;;8;
2302;2302;;;;;2;
2303;2303;;;;;4;
2304;2304;BAHAMA TRADING COMPANY LTDA;;;;3;Agropecuária
2305;2305;;;;;2;
2306;2306;;;;;2;
2307;2307;;;;;4;
2308;2308;;;;;2;
2309;2309;;;;;4;
2310;2310;;;;;3;
2311;2311;;;;;3;
2312;2312;;;;;2;
2313;2313;;;;;3;
2314;2314;;;;;3;
2315;2315;;;;;3;
2316;2316;;;;;4;
2317;2317;;;;;3;
2318;2318;;;;;2;
2319;2319;;;;;3;
2320;2320;;;;;2;
2321;2321;;;;;2;
2322;2322;;;;;4;
2323;2323;;;;;3;
2324;2324;;;;;2;
2325;2325;;;;;2;
2326;2326;;;;;4;
2327;2327;;;;;3;
2328;2328;;;;;3;
2329;2329;;;;;4;
2330;2330;;;;;2;
2331;2331;;;;;4;
2332;2332;;;;;6;
2333;2333;;;;;3;
2334;2334;THOMAS FRITZSCHE;MERIPOBO;;;3;Agropecuária
2335;2335;;;;;3;
2336;2336;;;;;3;
2337;2337;;;;;3;
2338;2338;;;;;3;
2339;2339;;;;;3;
2340;2340;;;;;2;
2341;2341;;;;;2;
2342;2342;;;;;3;
2343;2343;;;;;3;
2344;2344;;;;;3;
2345;2345;;;;;3;
2346;2346;;;;;3;
2347;2347;;;;;3;
2348;2348;;;;;4;
2349;2349;;;;;3;
2350;2350;;;;;3;
2351;2351;;;;;3;
2352;2352;;;;;3;
2353;2353;;;;;4;
2354;2354;;;;;3;
2355;2355;;;;;2;
2356;2356;;;;;4;
2357;2357;;;;;4;
2358;2358;AGRICOLA FAMOSA LTDA;FAMOSA;;;2;
2359;2359;;;;;4;
2360;2360;;;;;4;
2361;2361;;;;;4;
2362;2362;;;;;8;
2363;2363;;;;;3;
2364;2364;;;;;3;
2365;2365;;;;;4;
2366;2366;;;;;4;
2367;2367;;;;;4;
2368;2368;;;;;2;
2369;2369;;;;;3;
2370;2370;;;;;3;
2371;2371;;;;;4;
2372;2372;;;;;2;
2373;2373;;;;;3;
2374;2374;;;;;3;
2375;2375;;;;;4;
2376;2376;;;;;4;
2377;2377;;;;;3;
2378;2378;;;;;6;
2379;2379;;;;;3;
2380;2380;;;;;4;
2381;2381;;;;;5;
2382;2382;D DA SILVA MAURICIO CAMAROES LTDA;CAMARAO NOSSA FAZENDA;;03.22-1-02;2;
2383;2383;;;;;4;
2384;2384;;;;;5;
2385;2385;;;;;3;
2386;2386;A FREITAS MALVEIRA EIRELI;;;3.21-3-02;3;
2387;2387;H DANTAS CAVALCANTE - ME;;;03.21-3-02;3;Agropecuária
2388;2388;;;;;2;
2389;2389;;;;;3;
2390;2390;;;;;2;
2391;2391;ECOMARES AQUICULTURA LTDA;ECOMARES;;03.21-3-02;4;Agropecuária
2392;2392;;;;;3;
2393;2393;F M F DE FREITAS - ME;MIGUEL PEREIRA;;03.21-3-02;4;
2394;2394;;;;;5;
2395;2395;;;;;4;
2396;2396;;;;;4;
2397;2397;;;;;7;
2398;2398;;;;;10;
2399;2399;;;;;8;
2400;2400;;;;;5;
2401;2401;;;;;4;
2402;2402;;;;;4;
2403;2403;;;;;3;
2404;2404;;;;;6;
2405;2405;;;;;3;
2406;2406;AGROCOURA AGROPECUARIA LTDA;AGROCOURA AGROPECUARIA;;;4;
2407;2407;;;;;4;
2408;2408;;;;;3;
2409;2409;;;;;5;
2410;2410;;;;;4;
2411;2411;;;;;6;
2412;2412;FRANCISCO WELLINGTON SANTIAGO;;;03.22-1-02;2;
2413;2413;;;;;5;
2414;2414;;;;;5;
2415;2415;;;;;6;
2416;2416;;;;;4;
2417;2417;;;;;4;
2418;2418;GMM PRODUCAO E EXPORTACAO DE CAMARAO LTDA;GMM CAMARAO;;03.21-3-02;2;Agropecuária
2419;2419;;;;;4;
2420;2420;V H DE OLIVEIRA CRIACAO DE CAMAROES SOCIEDADE LTDA;CRIACAO DE CAMARAO O VANVAN;;03.21-3-02;2;Agropecuária
2421;2421;;;;;3;
2422;2422;;;;;3;
2423;2423;;;;;3;
2424;2424;SANTA LUZIA AGROPECUARIA LTDA;SANTA LUZIA AGROPECUARIA;;03.21-3-02;3;Agropecuária
2425;2425;;;;;3;
2426;2426;;;;;3;
2427;2427;;;;;4;
2428;2428;LAR PRODUCAO E COMERCIALIZACAO DE PESCADOS LTDA;;;03.21-3-02;4;Agropecuária
2429;2429;;;;;4;
2430;2430;;;;;3;
2431;2431;;;;;4;
2432;2432;;;;;2;
2433;2433;;;;;3;
2434;2434;;;;;3;
2435;2435;;;;;4;
2436;2436;;;;;3;
2437;2437;;;;;4;
2438;2438;VANNAMAR COMÉRCIO DE CAMARÕES IMPORTAÇÃO E EXPORTAÇÃO LTDA;;;;3;Agropecuária
2439;2439;;;;;5;
2440;2440;L. S. CAMINHA;AGRICOLA CAMPO LIMPO;;03.21-3-02;3;Agropecuária
2441;2441;;;;;4;
2442;2442;;;;;3;
2443;2443;;;;;4;
2444;2444;;;;;4;
2445;2445;;;;;5;
2446;2446;;;;;3;
2447;2447;;;;;3;
2448;2448;;;;;4;
2449;2449;;;;;4;
2450;2450;;;;;2;
2451;2451;;;;;3;
2452;2452;;;;;3;
2453;2453;F ELDIO ALVES FILHO;;;0.32-1-30;4;Agropecuária
2454;2454;;;;;3;
2455;2455;;;;;4;
2456;2456;;;;;2;
2457;2457;;;;;2;
2458;2458;A M V PESCADOS LTDA;;;;2;Agropecuária
2459;2459;;;;;3;
2460;2460;;;;;3;
2461;2461;;;;;4;
2462;2462;;;;;3;
2463;2463;;;;;4;
2464;2464;Aquanorte Aquicultura LTDA;Aquanorte Alevinos;;0.32-2-10;4;Agropecuária
2465;2465;;;;;3;
2466;2466;;;;;2;
2467;2467;;;;;2;
2468;2468;;;;;3;
2469;2469;;;;;3;
2470;2470;;;;;5;
2471;2471;;;;;3;
2472;2472;;;;;2;
2473;2473;;;;;1;
2474;2474;;;;;3;
2475;2475;;;;;4;
2476;2476;;;;;1;
2477;2477;;;;;6;
2478;2478;;;;;5;
2479;2479;;;;;4;
2480;2480;;;;;3;
2481;2481;;;;;4;
2482;2482;;;;;2;
2483;2483;;;;;1;
2484;2484;;;;;4;
2485;2485;;;;;5;
2486;2486;;;;;3;
2487;2487;;;;;3;
2488;2488;J S DE S MENDES NEGREIROS;;;;2;Agropecuária
2489;2489;DEUSA MARIA S S BANDEIRA LTDA;;;;2;Agropecuária
2490;2490;;;;;2;
2491;2491;;;;;3;
2492;2492;;;;;3;
2493;2493;;;;;1;
2494;2494;;;;;1;
2495;2495;;;;;2;
2496;2496;;;;;2;
2497;2497;;;;;2;
2498;2498;;;;;3;
2499;2499;;;;;3;
2500;2500;;;;;2;
2501;2501;;;;;4;
2502;2502;;;;;4;
2503;2503;;;;;4;
2504;2504;E X RIBEIRO-ME;;;;4;Agropecuária
2505;2505;;;;;3;
2506;2506;;;;;3;
2507;2507;;;;;3;
2508;2508;;;;;5;
2509;2509;;;;;4;
2510;2510;;;;;4;
2511;2511;;;;;2;
2512;2512;;;;;1;
2513;2513;;;;;2;
2514;2514;;;;;3;
2515;2515;;;;;3;
2516;2516;;;;;4;
2517;2517;;;;;5;
2518;2518;;;;;5;
2519;2519;;;;;4;
2520;2520;;;;;4;
2521;2521;;;;;4;
2522;2522;;;;;4;
2523;2523;;;;;2;
2524;2524;;;;;2;
2525;2525;;;;;2;
2526;2526;;;;;2;
2527;2527;;;;;2;
2528;2528;;;;;4;
2529;2529;;;;;3;
2530;2530;;;;;3;
2531;2531;;;;;4;
2532;2532;;;;;4;
2533;2533;;;;;3;
2534;2534;;;;;3;
2535;2535;;;;;3;
2536;2536;;;;;2;
2537;2537;;;;;2;
2538;2538;;;;;3;
2539;2539;;;;;4;
2540;2540;;;;;3;
2541;2541;;;;;2;
2542;2542;;;;;4;
2543;2543;;;;;3;
2544;2544;;;;;2;
2545;2545;;;;;2;
2546;2546;;;;;4;
2547;2547;;;;;3;
2548;2548;;;;;3;
2549;2549;;;;;3;
2550;2550;;;;;2;
2551;2551;;;;;2;
2552;2552;;;;;3;
2553;2553;;;;;3;
2554;2554;;;;;3;
2555;2555;;;;;3;
2556;2556;;;;;2;
2557;2557;;;;;3;
2558;2558;;;;;3;
2559;2559;;;;;5;
2560;2560;;;;;3;
2561;2561;;;;;4;
2562;2562;;;;;3;
2563;2563;;;;;3;
2564;2564;;;;;3;
2565;2565;;;;;2;
2566;2566;;;;;3;
2567;2567;;;;;4;
2568;2568;;;;;5;
2569;2569;;;;;3;
2570;2570;;;;;4;
2571;2571;;;;;4;
2572;2572;;;;;4;
2573;2573;;;;;4;
2574;2574;M DOMICE DE OLIVEIRA ME;;;;;Agropecuária
2575;2575;;;;;;
2576;2576;;;;;;
2577;2577;;;;;;
2578;2578;DO VALE PRESTAÇÕES DE SERVIÇO-LTDA;;;;;
2579;2579;;;;;;
2580;2580;;;;;;
2581;2581;;;;;;
2582;2582;L EUDIBERTO DE CARVALHO FILHO-ME;;;;;Agropecuária
2583;2583;;;;;;
2584;2584;;;;;;
2585;2585;;;;;;
2586;2586;AQUALUST JUVENIL DE POS LARVAS LTDA ME;;;;;Agropecuária
2587;2587;;;;;;
2588;2588;POTYLAPIA AQUICULTURA LTDA;;;;;Agropecuária
2589;2589;AGROPAULO AGROINDUSTRIAL S.A;;;;;Agropecuária
2590;2590;;;;;;
2591;2591;;;;;;
2592;2592;;;;;;
2593;2593;;;;;;
2594;2594;;;;;;
2595;2595;;;;;;
2596;2596;;;;;;
2597;2597;;;;;;
2598;2598;;;;;;
2599;2599;;;;;;
2600;2600;;;;;;
2601;2601;J F DA SILVA AQUICULTURA LTDA ME;;;;;Agropecuária
2602;2602;;;;;;
2603;2603;;;;;;
2604;2604;JOSIANE L OLIVEIRA ME;;;;;Agropecuária
2605;2605;;;;;;
2606;2606;J ELIAS DE OLIVEIRA;;;;;Agropecuária
2607;2607;;;;;;
2608;2608;AF AQUICULTURA LTDA-ME;;;;;Agropecuária
2609;2609;FL AQUICULTURA LTDA - ME;;;;;Agropecuária
2610;2610;AQUASANTA-AQUICULTURA SANTANA COMERCIO IMPORTAÇÃO E EXPORTAÇÃO LTDA-ME;;;;;Agropecuária
2611;2611;SANTA CRUZ AQUICULTURA LTDA ME;;;;;Agropecuária
2612;2612;;;;;;
2613;2613;;;;;;
2614;2614;P DE TASSO O DA COSTA ME;;;;;Agropecuária
2615;2615;VALE RIO AGRO PESCADOR LDTA-ME;;;;;Agropecuária
2616;2616;ESTEVSON F. DE SOUZA - ME;;;;;Agropecuária
2617;2617;;;;;;
2618;2618;Maria Ivanilde Celedonio;;;03.22-1-02;10;Agropecuária
2619;2619;JOLI AQUICULTURA LTDA;;;03.21-3-02;100;Agropecuária
2620;2620;;;;;4;
2621;2621;F W REBOUCAS AGROPECUARIA;WL AQUARIUS & AGROBIEM;;03.21-3-02;15;Agropecuária
2622;2622;Vm Aquicultura LTDA;V M Aquicultura;;0.32-1-30;30;Agropecuária
2623;2623;AGROPESCA JAGUARIBE COMERCIO E EXPORTACAO DE CAMAROES LTDA;AGROPESCA JAGUARIBE;;03.21-3-02;;Agropecuária
2624;2624;VM AGRO PESCADOS LTDA;VM AGRO PESCADOS;;03.21-3-02;10;Agropecuária
2625;2625;D & D Pescados;;;;;Agropecuária
2626;2626;J F OLIVEIRA BATISTA EIRELI;;;;;Agropecuária
2627;2627;Lasaro Roberto Aquicultura Ltda;;;03.21-3-02;;Agropecuária
2628;2628;;;;;4;
2629;2629;;;;;2;
2630;2630;C G FREITAS;;;;6;Agropecuária
2631;2631;FAZENDA G & E ESPERANÇA LTDA-ME;;;;10;Agropecuária
2632;2632;;;;;7;
2633;2633;;;;;5;
2634;2634;Fazenda Rocha Ltda;Fazenda Rocha;;03.21-3-02;6;Agropecuária
2635;2635;AQUASANTA - AQUACULTURA SANTANA COMERCIO, IMPORTACAO E EXPORTACAO LTDA;;;03.21-3-02;10;Agropecuária
2636;2636;A L PINHEIRO FARIAS CARCINICULTURA;PINHEIRO FARIAS CARCINUCULTURA;;03.21-3-02;5;Agropecuária
2637;2637;J JOSINALDO DE FREITAS - EPP;;;;;
2638;2638;;;;;2;
2639;2639;FRANCISCO EUDES DA SILVA JUNIOR-ME;;;;3;Agropecuária
2640;2640;;;;;3;
2641;2641;;;;;3;
2642;2642;C A P DE OLIVEIRA EIRELI - ME;;;03.21-3-01;5;Agropecuária
2643;2643;SÃO JOSÉ AGROPECUARIA LTDA;;;;4;Agropecuária
2644;2644;;;;;4;
2645;2645;FAZENDA MARIZEIRA AQUICULTURA LTDA-EPP;;;;8;Agropecuária
2646;2646;F J COELHO DE OLIVEIRA-ME;;;;4;Agropecuária
2647;2647;A. B. DO AMARAL - ME;;;;7;Agropecuária
2648;2648;;;;;3;
2649;2649;;;;;2;
2650;2650;CASTRO CAMAROES III LTDA ME;;;;;Agropecuária
2651;2651;ASSOCIAÇAO BENEFICENTE PADRE CICERO;;;;5;
2652;2652;;;;;3;
2653;2653;;;;;3;
2654;2654;;;;;2;
2655;2655;FRUTAS DO CEARA SA;;;;;Agropecuária
2656;2656;;;;;6;
2657;2657;J W CAMAROES LTDA - ME;;;;9;Agropecuária
2658;2658;;;;;3;
2659;2659;;;;;2;
2660;2660;BRASIL CRIAÇÃO DE CAMARÕES LTDA EPP;;;;;Agropecuária
2661;2661;;;;;4;
2662;2662;CAMARI CARCINICULTURA LTDA ME;;;;8;Agropecuária
2663;2663;E. LOPES DE OLIVEIRA - ME;;;;5;Agropecuária
2664;2664;;;;;4;
2665;2665;;;;;4;
2666;2666;;;;;5;
2667;2667;;;;;3;
2668;2668;;;;;4;
2669;2669;MARGARIDA M DE CARVALHO ME;;;;9;Agropecuária
2670;2670;;;;;6;
2671;2671;;;;;8;
2672;2672;;;;;6;
2673;2673;;;;;8;
2674;2674;L V CRIACOES DE PESCADO LTDA - ME;;;;;Agropecuária
2675;2675;;;;;5;
2676;2676;LETICIA CAMARÕES LTDA - ME;;;;10;Agropecuária
2677;2677;;;;;6;
2678;2678;;;;;7;
2679;2679;;;;;5;
2680;2680;;;;;5;
2681;2681;;;;;6;
2682;2682;F ALEX CELEDONIO MONTEIRO-ME;;;;10;Agropecuária
2683;2683;;;;;6;
2684;2684;;;;;2;
2685;2685;F EUDES A DE SENA;;;;7;Agropecuária
2686;2686;;;;;4;
2687;2687;;;;;5;
2688;2688;M C PEREIRA CARLOS CARCINICULTURA ME;;;;10;Agropecuária
2689;2689;;;;;5;
2690;2690;;;;;4;
2691;2691;;;;;6;
2692;2692;;;;;5;
2693;2693;L A GURGEL BARRETO E CIA LTDA;;;;10;Agropecuária
2694;2694;;;;;4;
2695;2695;;;;;3;
2696;2696;;;;;4;
2697;2697;;;;;6;
2698;2698;;;;;4;
2699;2699;;;;;5;
2700;2700;MRW CARCINICULTURA LTDA – ME;;;;;
2701;2701;;;;;4;
2702;2702;;;;;4;
2703;2703;F ALEX CELEDONIO MONTEIRO-ME;;;;;Agropecuária
2704;2704;;;;;4;
2705;2705;;;;;3;
2706;2706;LETICIA CAMARÕES LTDA - ME;;;;6;Agropecuária
2707;2707;AQUALIFE CAMAROES LTDA ME;;;;15;Agropecuária
2708;2708;BRASIL MELON PRODUÇÃO EXPORTAÇÃO E IMPORTAÇÃO LTDA;Brasil melon;;0.11-9-90;200;Agropecuária
2709;2709;BRAZIL MELON PRODUCAO EXPORTACAO E IMPORTACAO LTDA.;Brasil Melon;;0.11-9-91;200;Agropecuária
2710;2710;BRASIL MELON PRODUÇÃO EXPORTAÇÃO E IMPORTAÇÃO LTDA;Brasil Melon;;0.11-9-90;250;Agropecuária
2711;2711;BRASIL MELON PRODUÇÃO EXPORTAÇÃO E IMPORTAÇÃO LTDA;Brasil Melon;;0.11-9-90;200;Agropecuária
2712;2712;BRAZIL MELON PRODUCAO EXPORTACAO E IMPORTACAO LTDA.;BRAZIL MELON;;0.11-9-90;200;Agropecuária
2713;2713;AGROPECUARIA VITAMAIS LTDA;;;;;
2714;2714;Agrícola Famosa LTDA;;;;1200;Agropecuária
2715;2715;BRASIL MELON PRODUÇÃO EXPORTAÇÃO E IMPORTAÇÃO LTDA;BRASIL MELON;;0.11-9-90;250;Agropecuária
2716;2716;BRAZIL MELON PRODUCAO EXPORTACAO E IMPORTACAO LTDA.;Brasil Melon;;0.11-9-90;200;Agropecuária
2717;2717;BRASIL MELON PRODUÇÃO EXPORTAÇÃO E IMPORTAÇÃO LTDA;BRASIL MELON;;0.11-9-90;200;Agropecuária
2718;2718;ECOFERTIL AGROPECUARIA LTDA;;;2.01-3-40;35;Agropecuária
2719;2719;BRAZIL MELON PRODUCAO EXPORTACAO E IMPORTACAO LTDA.;BRAZIL MELON;;0.11-9-90;200;Agropecuária
2720;2720;AGRÌCOLA FAMOSA SA;FAMOSA;;0.11-9-90;250;Agropecuária
2721;2721;;;;;5;
2722;2722;BRAZIL MELON PRODUCAO EXPORTACAO E IMPORTACAO LTDA.;BRAZIL MELON;;0.11-9-90;200;Agropecuária
2723;2723;AGRICOLA FAMOSA LTDA;AGRICOLA FAMOSA;;0.13-3-49;250;Agropecuária
2724;2724;;;;;4;
2725;2725;;;;;3;
2726;2726;;;;;3;
2727;2727;AGROSOL AGRICULTURA DE MOSSORO LTDA;AGROSOL;;0.13-3-40;80;
2728;2728;;;;;4;
2729;2729;;;;;4;
2730;2730;;;;;2;
2731;2731;MATA FRESCA LTDA;MATA FRESCA;;0.11-9-90;150;Agropecuária
2732;2732;MATA FRESCA LTDA;MATA FRESCA;;0.11-9-90;;
2733;2733;;;;;4;
2734;2734;MATA FRESCA LTDA;MATA FRESCA / MOSSORÓ MELÕES;;0.11-9-90;150;Agropecuária
2735;2735;MATA FRESCA LTDA;MATA FRESCA;;0.11-9-90;;Agropecuária
2736;2736;;;;;2;
2737;2737;MATA FRESCA LTDA;MATA FRESCA;;0.11-9-90;150;Agropecuária
2738;2738;MATA FRESCA LTDA;MATA FRESCA;;0.11-9-90;150;Agropecuária
2739;2739;MATA FRESCA LTDA;MATA FRESCA;;0.11-9-90;150;Agropecuária
2740;2740;MATA FRESCA LTDA;MATA FRESCA;;0.11-9-90;150;Agropecuária
2741;2741;MATA FRESCA LTDA;MATA FRESCA;;0.11-9-90;150;Agropecuária
2742;2742;MATA FRESCA LTDA;MATA FRESCA;;0.11-9-90;150;Agropecuária
2743;2743;MATA FRESCA LTDA;MATA FRESCA;;0.11-9-90;150;Agropecuária
2744;2744;MATA FRESCA LTDA;MATA FRESCA;;0.11-9-90;100;Agropecuária
2745;2745;MATA FRESCA LTDA;MATA FRESCA;;0.11-9-90;;Agropecuária
2746;2746;MATA FRESCA LTDA;MATA FRESCA;;0.11-9-90;;Agropecuária
2747;2747;MATA FRESCA LTDA;MATA FRESCA;;0.11-9-90;150;Agropecuária
2748;2748;MATA FRESCA LTDA;MATA FRESCA LTDA;;0.11-9-90;100;Agropecuária
2749;2749;MATA FRESCA LTDA;MATA FRESCA;;0.11-9-90;150;Agropecuária
2750;2750;MATA FRESCA LTDA;MATA FRESCA;;0.11-9-90;150;Agropecuária
2751;2751;MATA FRESCA LTDA;MATA FRESCA;;0.11-9-90;150;Agropecuária
2752;2752;MATA FRESCA LTDA;MATA FRESCA;;0.11-9-90;150;Agropecuária
2753;2753;MATA FRESCA LTDA;MATA FRESCA;;0.11-9-90;150;Agropecuária
2754;2754;MATA FRESCA LTDA;MATA FRESCA;;0.11-9-90;150;Agropecuária
2755;2755;MATA FRESCA LTDA;MATA FRESCA;;0.11-9-90;150;Agropecuária
2756;2756;MATA FRESCA LTDA;MATA FRESCA;;0.11-9-90;150;Agropecuária
2757;2757;MATA FRESCA LTDA;MATA FRESCA;;0.11-9-90;150;Agropecuária
2758;2758;MATA FRESCA LTDA;MATA FRESCA;;0.11-9-90;150;Agropecuária
2759;2759;MATA FRESCA LTDA;MATA FRESCA;;0.11-9-90;150;Agropecuária
2760;2760;MATA FRESCA LTDA;MATA FRESCA;;0.11-9-90;150;Agropecuária
2761;2761;FRUTANOR FRUTAS DO NORDESTE PRODUCAO E COMERCIALIZACAO LTDA;FRUTANOR;;0.11-9-90;100;Agropecuária
2762;2762;FRUTANOR - FRUTAS DO NORDESTE PRODUÇÃO E COMERCIALIZAÇÃO LTDA;FRUTANOR;;0.11-9-90;100;Indústria
2763;2763;FRUTANOR FRUTAS DO NORDESTE PRODUCAO E COMERCIALIZACAO LTDA;FRUTANOR;;0.11-9-90;100;Agropecuária
2764;2764;MATA FRESCA LTDA;MATA FRESCA;;0.11-9-90;150;Agropecuária
2765;2765;FRUTANOR FRUTAS DO NORDESTE PRODUCAO E COMERCIALIZACAO LTDA;FRUTANOR;;0.11-9-90;100;Agropecuária
2766;2766;FRUTANOR FRUTAS DO NORDESTE PRODUCAO E COMERCIALIZACAO LTDA;FRUTANOR;;0.11-9-90;100;Agropecuária
2767;2767;FRUTANOR FRUTAS DO NORDESTE PRODUCAO E COMERCIALIZACAO LTDA;FRUTANOR;;0.11-9-90;100;Agropecuária
2768;2768;FRUTANOR FRUTAS DO NORDESTE PRODUCAO E COMERCIALIZACAO LTDA;FRUTANOR;;0.11-9-90;100;Agropecuária
2769;2769;FRUTANOR FRUTAS DO NORDESTE PRODUCAO E COMERCIALIZACAO LTDA;FRUTANOR;;;100;Agropecuária
2770;2770;FRUTANOR FRUTAS DO NORDESTE PRODUCAO E COMERCIALIZACAO LTDA;FRUTANOR;;0.11-9-90;100;Agropecuária
2771;2771;FRUTANOR FRUTAS DO NORDESTE PRODUCAO E COMERCIALIZACAO LTDA;FRUTANOR;;0.11-9-90;100;Agropecuária
2772;2772;FRUTANOR FRUTAS DO NORDESTE PRODUCAO E COMERCIALIZACAO LTDA;FRUTANOR;;0.11-9-90;100;Agropecuária
2773;2773;FRUTANOR FRUTAS DO NORDESTE PRODUCAO E COMERCIALIZACAO LTDA;FRUTANOR;;0.11-9-90;100;Agropecuária
2774;2774;FRUTANOR FRUTAS DO NORDESTE PRODUCAO E COMERCIALIZACAO LTDA;FRUTANOR;;0.11-9-90;100;Agropecuária
2775;2775;FRUTANOR FRUTAS DO NORDESTE PRODUCAO E COMERCIALIZACAO LTDA;FRUTANOR;;0.11-9-90;100;Agropecuária
2776;2776;FRUTANOR FRUTAS DO NORDESTE PRODUCAO E COMERCIALIZACAO LTDA;FRUTANOR;;0.11-9-90;100;Agropecuária
2777;2777;FRUTANOR FRUTAS DO NORDESTE PRODUCAO E COMERCIALIZACAO LTDA;FRUTANOR;;0.11-9-90;100;Agropecuária
2778;2778;FRUTANOR FRUTAS DO NORDESTE PRODUCAO E COMERCIALIZACAO LTDA;FRUTANOR;;;100;Agropecuária
2779;2779;FRUTANOR FRUTAS DO NORDESTE PRODUCAO E COMERCIALIZACAO LTDA;FRUTANOR;;0.11-9-90;100;Agropecuária
2780;2780;FRUTANOR FRUTAS DO NORDESTE PRODUCAO E COMERCIALIZACAO LTDA;FRUTANOR;;0.11-9-90;100;Agropecuária
2781;2781;FRUTANOR FRUTAS DO NORDESTE PRODUCAO E COMERCIALIZACAO LTDA;FRUTANOR;;01.19-9-07;100;Agropecuária
2782;2782;;;;;3;
2783;2783;;;;;2;
2784;2784;FRUTANOR FRUTAS DO NORDESTE PRODUCAO E COMERCIALIZACAO LTDA;FRUTANOR;;0.11-9-90;100;Agropecuária
2785;2785;FRUTANOR FRUTAS DO NORDESTE PRODUCAO E COMERCIALIZACAO LTDA;FRUTANOR;;0.11-9-90;100;Agropecuária
2786;2786;;;;;3;
2787;2787;FRUTANOR FRUTAS DO NORDESTE PRODUCAO E COMERCIALIZACAO LTDA;FRUTANOR;;01.19-9-07;100;Agropecuária
2788;2788;FRUTANOR FRUTAS DO NORDESTE PRODUCAO E COMERCIALIZACAO LTDA;FRUTANOR;;0.11-9-90;100;Agropecuária
2789;2789;;;;;3;
2790;2790;;;;;2;
2791;2791;CELM - AQUICULTURA S/A;Maripescados;;0.32-1-30;10;Agropecuária
2792;2792;SYNGENTA SEEDS LTDA;SYNGENTA;;0.14-1-50;100;Agropecuária
2793;2793;SYNGENTA SEEDS LTDA;SYNGENTA;;0.14-1-50;100;Agropecuária
2794;2794;SYNGENTA SEEDS LTDA;SYNGENTA;;0.14-1-50;250;Agropecuária
2795;2795;SYNGENTA SEEDS LTDA;SYNGENTA;;0.14-1-50;100;Agropecuária
2796;2796;SYNGENTA SEEDS LTDA;SYNGENTA;;0.14-1-50;100;Agropecuária
2797;2797;;;;;2;
2798;2798;CELM - AQUICULTURA S/A;Maripescados;;0.32-1-30;10;Agropecuária
2799;2799;SYNGENTA SEEDS LTDA;SYNGENTA;;0.14-1-50;100;Agropecuária
2800;2800;SYNGENTA SEEDS LTDA;SYNGENTA;;0.14-1-50;100;Agropecuária
2801;2801;SYNGENTA SEEDS LTDA;SYNGENTA;;0.14-1-50;250;Agropecuária
2802;2802;SYNGENTA SEEDS LTDA;SYNGENTA;;0.14-1-50;100;Agropecuária
2803;2803;SYNGENTA SEEDS LTDA;SYNGENTA;;0.14-1-50;100;Agropecuária
2804;2804;SYNGENTA SEEDS LTDA;SYNGENTA;;0.14-1-50;100;Agropecuária
2805;2805;CELM - AQUICULTURA S/A;MARIPESCADOS;;0.32-1-30;;
2806;2806;SYNGENTA SEEDS LTDA;SYNGENTA;;0.14-1-50;100;Agropecuária
2807;2807;;;;;2;
2808;2808;J EDILSON SOARES DE OLIVEIRA - ME;J EDILSON SOARES DE OLIVEIRA - ME;;;6;Agropecuária
2809;2809;;;;;6;
2810;2810;CELM - AQUICULTURA S/A;MARIPESCADOS;;0.32-1-30;15;Agropecuária
2811;2811;CELM - AQUICULTURA S/A;MARIPESCADOS;;0.32-1-30;12;Agropecuária
2812;2812;CELM - AQUICULTURA S/A;MARIPESCADOS;;0.32-1-30;80;Agropecuária
2813;2813;;;;;7;
2814;2814;João Luiz Ferreira da Costa - ME;João Luiz Ferreira da Costa - ME;;0.32-1-30;10;Agropecuária
2815;2815;;;;;4;
2816;2816;;;;;4;
2817;2817;;;;;;
2818;2818;FRANCISCO DE ASSIS MONTEIRO DA SILVA FILHO-ME;FRANCISCO DE ASSIS MONTEIRO DA SILVA FILHO-ME;;0.32-1-30;8;Agropecuária
2819;2819;AGRICOLA FAMOSA LTDA;AGRICOLA FAMOSA;;;200;Agropecuária
2820;2820;JOAO LUIS FERREIRA DA COSTA - ME;JOAO LUIS FERREIRA DA COSTA - ME;;0.32-1-30;15;Agropecuária
2821;2821;JOAO LUIS FERREIRA DA COSTA - ME;JOAO LUIS FERREIRA DA COSTA - ME;;0.32-1-30;15;Agropecuária
2822;2822;;;;;2;
2823;2823;;;;;2;
2824;2824;;;;;3;
2825;2825;;;;;2;
2826;2826;;;;;6;
2827;2827;;;;;1;
2828;2828;;;;;2;
2829;2829;;;;;2;
2830;2830;;;;;3;
2831;2831;;;;;3;
2832;2832;;;;;1;
2833;2833;;;;;2;
2834;2834;;;;;2;
2835;2835;;;;;;
2836;2836;;;;;2;
2837;2837;;;;;1;
2838;2838;;;;;4;
2839;2839;;;;;;
2840;2840;;;;;2;
2841;2841;;;;;2;
2842;2842;;;;;;
2843;2843;;;;;;
2844;2844;;;;;3;
2845;2845;;;;;2;
2846;2846;;;;;2;
2847;2847;;;;;4;
2848;2848;;;;;2;
2849;2849;;;;;3;
2850;2850;;;;;2;
2851;2851;;;;;2;
2852;2852;;;;;1;
2853;2853;;;;;3;
2854;2854;;;;;2;
2855;2855;;;;;3;
2856;2856;;;;;1;
2857;2857;;;;;3;
2858;2858;;;;;2;
2859;2859;;;;;1;
2860;2860;;;;;4;
2861;2861;;;;;2;
2862;2862;;;;;2;
2863;2863;;;;;3;
2864;2864;;;;;2;
2865;2865;VARZINHA CARCINICULTURA LTDA ME;;;;15;Agropecuária
2866;2866;;;;;2;
2867;2867;;;;;4;
2868;2868;;;;;3;
2869;2869;PRESERVA AGROINDUSTRIA IMPORTAÇAO/EXPORTAÇAO;;;;;Agropecuária
2870;2870;;;;;3;
2871;2871;;;;;1;
2872;2872;;;;;1;
2873;2873;;;;;2;
2874;2874;;;;;2;
2875;2875;;;;;4;
2876;2876;;;;;4;
2877;2877;REVESA AGROPECUARIA INDUSTRIA COMERCIO IMPORTACAO E EXPORTACAO DE CAMARAO LTDA;REVESA AGROP.IND.,COM.,IMP., E EXP. DE CAMARAO LTDA;;03.21-3-02;12;Agropecuária
2878;2878;;;;;5;
2879;2879;CULTIVO BRASILEIRO DE CAMARÕES LTDA;;;03.21-3-02;10;Agropecuária
2880;2880;NOVOS VENTOS INDUSTRIA PESQUEIRA LTDA;NOVOS VENTOS;;03.21-3-02;15;Agropecuária
2881;2881;MUTAMBA CARCINICULTURA LTDA;MUTAMBA CARCINICULTURA;;03.21-3-02;15;Agropecuária
2882;2882;;;;;4;
2883;2883;CULTIVO BRASILEIRO DE CARCINICULTURA LTDA;;;03.21-3-02;10;Agropecuária
2884;2884;;;;;3;
2885;2885;;;;;3;
2886;2886;;;;;3;
2887;2887;;;;;3;
2888;2888;;;;;2;
2889;2889;;;;;4;
2890;2890;;;;;4;
2891;2891;JIEM AGRICOLA E COMERCIAL LTDA;FILIAL ARACATI;;01.19-9-07;40;Agropecuária
2892;2892;;;;;5;
2893;2893;;;;;12;
2894;2894;;;;;;
2895;2895;;;;;;
2896;2896;;;;;;
2897;2897;;;;;;
2898;2898;;;;;;
2899;2899;;;;;;
2900;2900;;;;;;
2901;2901;;;;;;
2902;2902;;;;;;
2903;2903;;;;;;
2904;2904;;;;;;
2905;2905;;;;;;
2906;2906;;;;;;
2907;2907;;;;;;
2908;2908;;;;;;
2909;2909;;;;;;
2910;2910;;;;;;
2911;2911;;;;;;
